{"type":"FeatureCollection","name":"Kecamatan Tamalanrea","crs":{"type":"name","properties":{"name":"urn:ogc:def:crs:OGC:1.3:CRS84"}},"features":[{"type":"Feature","properties":{"fid":41228,"ori_name":"Bira","kode_kec":"73.71.14","kode_kd":"73.71.14.1005","kode_kk":"73.71","kode_prov":"73","tipe_kd":2,"kecamatan":"Tamalanrea","kel_desa":"Bira","kab_kota":"Kota Makassar","provinsi":"Sulawesi Selatan","jenis_kd":"Kelurahan","nama":"Kelurahan Bira","label":"Kelurahan Bira, Kecamatan Tamalanrea, Kota Makassar, Provinsi Sulawesi Selatan, 73.71.14.1005"},"geometry":{"type":"MultiPolygon","coordinates":[[[[119.484511464,-5.07604073499994,0],[119.484729029,-5.07612703399997,0],[119.484759134,-5.07613897499994,0],[119.484978362,-5.07613218399996,0],[119.485216488,-5.07624023099993,0],[119.485461402,-5.07634825199995,0],[119.485665383,-5.07640876299996,0],[119.486188677,-5.07649527599995,0],[119.486406216,-5.07654891999994,0],[119.486405612,-5.07639120699997,0],[119.48650699,-5.07640617199996,0],[119.486766818,-5.07642651899994,0],[119.487043918,-5.07651084399993,0],[119.487351005,-5.07664202399997,0],[119.487600836,-5.07683106999997,0],[119.48782324,-5.07708639899994,0],[119.488028495,-5.07731191399995,0],[119.488281001,-5.07764397799997,0],[119.488501376,-5.07792706999993,0],[119.488608472,-5.07809318499994,0],[119.488783952,-5.07832734599998,0],[119.488895384,-5.07851478299995,0],[119.489057766,-5.07866360199995,0],[119.489220082,-5.07879533999994,0],[119.48960666,-5.07911194499997,0],[119.489845813,-5.07929462299995,0],[119.49008048,-5.07946364299994,0],[119.490093477,-5.07947300099994,0],[119.490104595,-5.07947867999997,0],[119.489957487,-5.07973254999996,0],[119.491535244,-5.08085342099997,0],[119.492401771,-5.08137021599993,0],[119.492870543,-5.08187120299993,0],[119.493788868,-5.08237044999993,0],[119.494222132,-5.08262883599997,0],[119.494449132,-5.08295275099994,0],[119.494622014,-5.08319944599998,0],[119.494628879,-5.08319389699994,0],[119.494643541,-5.08323982599995,0],[119.495475786,-5.08382723499994,0],[119.496104624,-5.08416190299994,0],[119.49622699,-5.08422702699994,0],[119.497362707,-5.08482220399998,0],[119.497673065,-5.08430196199993,0],[119.498164597,-5.08447902799998,0],[119.499008833,-5.08354507699994,0],[119.499777123,-5.08374792099994,0],[119.499989892,-5.08338018599994,0],[119.500400725,-5.08345913099993,0],[119.500657255,-5.08286751599996,0],[119.500834987,-5.08266994999997,0],[119.500920941,-5.08275217899995,0],[119.501300783,-5.08311558099996,0],[119.501549287,-5.08320016199997,0],[119.501586742,-5.08321291299995,0],[119.501516522,-5.08351744299995,0],[119.501373871,-5.08355379699998,0],[119.501276397,-5.08373315599994,0],[119.501169577,-5.08380516099993,0],[119.501080716,-5.08390393899998,0],[119.501090261,-5.08406498799997,0],[119.501180055,-5.08420781999996,0],[119.501368333,-5.08443080799998,0],[119.50132433,-5.08459205499997,0],[119.501164488,-5.08479849899993,0],[119.500968565,-5.08490664999994,0],[119.500844278,-5.08507716599996,0],[119.500853685,-5.08520240599995,0],[119.500943652,-5.08538998499995,0],[119.501149303,-5.08548762899994,0],[119.501151691,-5.08549936899993,0],[119.500496921,-5.08663099999995,0],[119.500470457,-5.08711409699993,0],[119.501094354,-5.08725372599997,0],[119.501491573,-5.08739424299995,0],[119.502171918,-5.08747683799993,0],[119.50271092,-5.08764520999995,0],[119.503023464,-5.08787128399996,0],[119.503279589,-5.08781440599995,0],[119.503246311,-5.08787277599993,0],[119.503202541,-5.08794953499995,0],[119.503247616,-5.08806569699993,0],[119.503400022,-5.08824408499993,0],[119.503766543,-5.08840373599998,0],[119.503990457,-5.08860868899995,0],[119.503959945,-5.08864107299996,0],[119.502762536,-5.08991221299993,0],[119.503075136,-5.09036438199996,0],[119.502822776,-5.09087541599996,0],[119.50310701,-5.09129935199996,0],[119.503136373,-5.09158259799995,0],[119.503360569,-5.09190438399997,0],[119.503555624,-5.09190362499993,0],[119.503370127,-5.09275476099998,0],[119.502376664,-5.09243564499997,0],[119.50178793,-5.09365639099997,0],[119.501197551,-5.09445210199993,0],[119.50097269,-5.09476468099996,0],[119.500708386,-5.09566261899994,0],[119.500669556,-5.09579091199993,0],[119.499684954,-5.09542885299993,0],[119.499302478,-5.09615844699994,0],[119.498634825,-5.09595301299993,0],[119.49841496,-5.09665165199993,0],[119.498398137,-5.09665999599997,0],[119.498167522,-5.09677437399995,0],[119.497065367,-5.09732101399993,0],[119.496994598,-5.09729471699995,0],[119.496836889,-5.09720251799996,0],[119.49677184,-5.09713780499993,0],[119.496678777,-5.09700822599996,0],[119.496594721,-5.09681364599993,0],[119.496482939,-5.09662845599996,0],[119.496352742,-5.09647118299995,0],[119.496222616,-5.09633247499994,0],[119.496064836,-5.09622171099994,0],[119.495591748,-5.09595439399993,0],[119.495211283,-5.09570527999995,0],[119.494969841,-5.09550202799994,0],[119.49471935,-5.09535450399994,0],[119.494320595,-5.09516114499996,0],[119.494181464,-5.09508743599997,0],[119.49406107,-5.09506933899996,0],[119.493931339,-5.09503271399996,0],[119.493826894,-5.09501550299996,0],[119.493625904,-5.09500078299993,0],[119.493485471,-5.09520905199997,0],[119.492826101,-5.09600533299994,0],[119.492765043,-5.09612138799997,0],[119.492651743,-5.09648699899998,0],[119.492434557,-5.09645182599996,0],[119.492409749,-5.09652791299993,0],[119.492367669,-5.09661472799996,0],[119.492259063,-5.09672036599994,0],[119.491942821,-5.09688988799996,0],[119.491830675,-5.09677442299994,0],[119.491817437,-5.09674944999995,0],[119.491815864,-5.09668228699996,0],[119.491481326,-5.09641929499998,0],[119.491189593,-5.09618276699996,0],[119.491095354,-5.09610989199996,0],[119.491074249,-5.09611455999993,0],[119.491017643,-5.09620755099996,0],[119.490972786,-5.09626957299997,0],[119.490877427,-5.09633733899994,0],[119.490774533,-5.09640247599998,0],[119.49070386,-5.09644764999996,0],[119.490671627,-5.09646448199993,0],[119.490655601,-5.09647040099998,0],[119.490596187,-5.09647658799997,0],[119.490579848,-5.09647813999993,0],[119.490505685,-5.09651267999993,0],[119.490483424,-5.09652021199997,0],[119.490452214,-5.09651884399995,0],[119.490437355,-5.09651890199996,0],[119.490425491,-5.09652490499997,0],[119.490387635,-5.09655274599993,0],[119.490263762,-5.09668941199993,0],[119.490147611,-5.09684330999994,0],[119.490084972,-5.09697781999995,0],[119.490067858,-5.09700665799994,0],[119.489991593,-5.09708175899993,0],[119.489932538,-5.09715295699993,0],[119.489883148,-5.09724905399997,0],[119.489833726,-5.09730043999997,0],[119.489649343,-5.09736210599993,0],[119.489449513,-5.09736070299994,0],[119.489286572,-5.09735044999996,0],[119.488825174,-5.09716679999997,0],[119.488768693,-5.09714220899997,0],[119.488362928,-5.09712723999996,0],[119.488338506,-5.09714455099993,0],[119.488319514,-5.09727439499994,0],[119.488268478,-5.09739878099998,0],[119.488229597,-5.09742544399995,0],[119.488179414,-5.09743845899993,0],[119.488066361,-5.09742557199996,0],[119.487988769,-5.09741476899995,0],[119.48795448,-5.09742933599995,0],[119.4879435,-5.09745491699994,0],[119.487897491,-5.09759055599994,0],[119.487883102,-5.09759394299994,0],[119.487792185,-5.09754922199994,0],[119.487553858,-5.09749615799996,0],[119.487390644,-5.09748236099995,0],[119.487361894,-5.09749369499997,0],[119.487291845,-5.09758053699994,0],[119.487259847,-5.09757905799995,0],[119.486967321,-5.09748136099995,0],[119.48652778,-5.09753888799997,0],[119.486526781,-5.09753901899995,0],[119.486318282,-5.09745097399997,0],[119.485865292,-5.09723508799993,0],[119.485715746,-5.09717216799993,0],[119.485431511,-5.09707085599996,0],[119.485279736,-5.09696903099996,0],[119.484925319,-5.09665833999998,0],[119.484729242,-5.09648246299997,0],[119.484514157,-5.09634505799994,0],[119.484326574,-5.09623952799996,0],[119.483960074,-5.09600156399995,0],[119.48394022,-5.09590881999998,0],[119.483798562,-5.09583120199994,0],[119.483666859,-5.09580728399993,0],[119.483492179,-5.09573539399997,0],[119.48339658,-5.09569417699993,0],[119.483352391,-5.09565847599993,0],[119.483343846,-5.09558400799995,0],[119.483335342,-5.09552057599996,0],[119.483321503,-5.09550131399993,0],[119.483238823,-5.09547955799997,0],[119.482955141,-5.09545306099994,0],[119.482924702,-5.09540296099993,0],[119.482924521,-5.09535573599993,0],[119.483006361,-5.09519406799996,0],[119.483011878,-5.09500681699996,0],[119.483000033,-5.09497552499994,0],[119.482888144,-5.09484668799996,0],[119.482872368,-5.09480953599996,0],[119.482872642,-5.09476606199996,0],[119.482899677,-5.09466768099998,0],[119.482886848,-5.09462422499996,0],[119.482876001,-5.09460690699996,0],[119.482829793,-5.09458219999993,0],[119.482688157,-5.09453045199996,0],[119.482579279,-5.09447570899994,0],[119.482550966,-5.09445318799993,0],[119.482521156,-5.09440804099995,0],[119.482501504,-5.09438822899995,0],[119.482363573,-5.09433899899994,0],[119.482230509,-5.09430580399993,0],[119.482147144,-5.09428525699997,0],[119.482102299,-5.09428543099995,0],[119.48205623,-5.09427463499998,0],[119.481879504,-5.09416783499995,0],[119.48166286,-5.09407940599993,0],[119.481527182,-5.09404604599996,0],[119.481471135,-5.09400792899993,0],[119.481411817,-5.09388431199994,0],[119.481451465,-5.09352816799998,0],[119.481421389,-5.09352159099996,0],[119.480991074,-5.09363033699998,0],[119.48089427,-5.09363740399994,0],[119.480643732,-5.09360825199997,0],[119.480443318,-5.09358894599995,0],[119.48012095,-5.09356621199993,0],[119.47990101,-5.09354257799993,0],[119.479715581,-5.09350382199995,0],[119.479423325,-5.09332430499995,0],[119.479092759,-5.09317014699997,0],[119.478976323,-5.09313843699994,0],[119.478891265,-5.09313058599997,0],[119.478678321,-5.09309534699997,0],[119.478636904,-5.09307220899996,0],[119.47861357,-5.09304899999995,0],[119.478597864,-5.09299469799993,0],[119.478597606,-5.09292739199998,0],[119.478639285,-5.09271947499997,0],[119.478628158,-5.09268644299993,0],[119.47860608,-5.09266631499997,0],[119.478470254,-5.09262641299995,0],[119.478420773,-5.09263211699994,0],[119.478290884,-5.09270611799997,0],[119.478232286,-5.09272471799994,0],[119.478201118,-5.09272483799998,0],[119.478134387,-5.09270704699998,0],[119.477773072,-5.09261978899997,0],[119.47766296,-5.09258187799998,0],[119.477480763,-5.09244840799994,0],[119.477365892,-5.09240455699995,0],[119.477276415,-5.09238583699994,0],[119.477095687,-5.09238271999993,0],[119.477070819,-5.09237417799994,0],[119.477010052,-5.09231676399997,0],[119.476979703,-5.09229715899994,0],[119.476731299,-5.09222661999996,0],[119.476518063,-5.09216890299996,0],[119.476393132,-5.09215953199993,0],[119.476250019,-5.09214594099996,0],[119.475511046,-5.09229472799996,0],[119.475156403,-5.09236273299996,0],[119.475063876,-5.09238681799997,0],[119.474951692,-5.09248365999997,0],[119.474901439,-5.09234679499997,0],[119.474476131,-5.09218359099998,0],[119.474693003,-5.09157834299998,0],[119.475167686,-5.09008197299994,0],[119.475166861,-5.08986632299997,0],[119.47511469,-5.08893995099993,0],[119.475089439,-5.08869621499997,0],[119.474772297,-5.08842921499996,0],[119.474382293,-5.08818688099996,0],[119.47423462,-5.08772416599993,0],[119.474280919,-5.08711440399998,0],[119.47428008,-5.08689495799996,0],[119.474182256,-5.08674903199994,0],[119.47413195,-5.08631031899995,0],[119.474277414,-5.08584574599996,0],[119.471392236,-5.08475904399995,0],[119.471391748,-5.08475878299993,0],[119.47131185,-5.08471373599997,0],[119.470913272,-5.08448894599996,0],[119.470586778,-5.08430480499993,0],[119.470285416,-5.08413505599998,0],[119.469354631,-5.08348846399997,0],[119.468437495,-5.08286594099997,0],[119.467988968,-5.08256149599993,0],[119.467631118,-5.08232983399995,0],[119.467355972,-5.08267981699993,0],[119.467453559,-5.08299960899996,0],[119.46630726,-5.08423717199997,0],[119.466347545,-5.08384916199998,0],[119.464796749,-5.08317363899994,0],[119.464525775,-5.08311326999996,0],[119.464190759,-5.08323341099998,0],[119.464017851,-5.08323407199993,0],[119.46380104,-5.08309322599996,0],[119.463710134,-5.08317963299993,0],[119.462976869,-5.08229858099998,0],[119.462956395,-5.08229752099993,0],[119.462806421,-5.08213950399994,0],[119.46289006,-5.08202036399996,0],[119.462927293,-5.08196732799996,0],[119.463000734,-5.08188062299996,0],[119.463102769,-5.08176015899994,0],[119.463166839,-5.08168184499993,0],[119.463170439,-5.08167744499997,0],[119.463207449,-5.08163220699993,0],[119.463296673,-5.08152314799997,0],[119.463525723,-5.08125809199993,0],[119.463763703,-5.08089998799994,0],[119.463887365,-5.08073022799994,0],[119.464020183,-5.08052879899998,0],[119.464106939,-5.08042860599994,0],[119.464114113,-5.08042032099996,0],[119.464149484,-5.08037947099996,0],[119.464177516,-5.08037017399994,0],[119.464206899,-5.08036042799995,0],[119.46433108,-5.08031924099993,0],[119.464460897,-5.08030572099995,0],[119.464481643,-5.08028224499998,0],[119.464553269,-5.08020119299994,0],[119.464667591,-5.08001657299997,0],[119.464761716,-5.07986212599997,0],[119.46476532,-5.07985621199992,0],[119.464903451,-5.07958964199997,0],[119.465023209,-5.07936966199998,0],[119.465170794,-5.07916473499995,0],[119.465205925,-5.07911595399997,0],[119.465410768,-5.07882866599994,0],[119.46564893,-5.07851893499998,0],[119.46577296,-5.07844591099996,0],[119.46593248,-5.07843785299997,0],[119.466104948,-5.07841673099995,0],[119.466210589,-5.07838842599995,0],[119.466284636,-5.07834349399997,0],[119.466320461,-5.07826265299997,0],[119.46631963,-5.07823219499994,0],[119.466317281,-5.07814616199994,0],[119.466283377,-5.07801234499993,0],[119.466284517,-5.07782630499997,0],[119.466313692,-5.07769038399994,0],[119.466404234,-5.07759330099998,0],[119.466535455,-5.07746071399993,0],[119.466612953,-5.07734879399993,0],[119.466688275,-5.07715316199995,0],[119.466772631,-5.07689424499995,0],[119.466868873,-5.07665916199994,0],[119.466884765,-5.07662034399993,0],[119.467035947,-5.07637047199995,0],[119.467057256,-5.07633426999996,0],[119.467225818,-5.07604790199997,0],[119.467425956,-5.07560289099996,0],[119.467452111,-5.07554473399995,0],[119.467637194,-5.07493940099994,0],[119.467792343,-5.07451232699998,0],[119.467875741,-5.07433311299997,0],[119.467923089,-5.07420270899996,0],[119.46796485,-5.07403942599996,0],[119.468029936,-5.07389935499998,0],[119.468044142,-5.07387519299994,0],[119.468106677,-5.07376882899996,0],[119.468143816,-5.07364873999995,0],[119.468184166,-5.07347449899993,0],[119.468202429,-5.07342507999994,0],[119.468273577,-5.07326031099996,0],[119.468292294,-5.07321094199995,0],[119.468304026,-5.07317999799994,0],[119.468380468,-5.07297065999995,0],[119.468409381,-5.07284443799995,0],[119.468447847,-5.07271269299997,0],[119.468488968,-5.07260476999994,0],[119.468490478,-5.07260080799995,0],[119.468540415,-5.07243063399994,0],[119.468561262,-5.07234008199993,0],[119.468595041,-5.07223714199995,0],[119.468624684,-5.07212256799994,0],[119.468639929,-5.07199776299996,0],[119.468659335,-5.07188871399995,0],[119.468699815,-5.07174873799994,0],[119.468756009,-5.07160732699998,0],[119.468787605,-5.07146601899996,0],[119.468799455,-5.07134671299997,0],[119.468825618,-5.07121775499996,0],[119.468842896,-5.07117642299994,0],[119.468858704,-5.07113860899995,0],[119.468883874,-5.07107839699995,0],[119.468945985,-5.07100144999993,0],[119.468946533,-5.07100165399993,0],[119.469165767,-5.07108313799995,0],[119.469244115,-5.07120001999994,0],[119.469130077,-5.07194258899995,0],[119.470320725,-5.07262158299994,0],[119.47194096,-5.07359187699996,0],[119.474711333,-5.07483117299995,0],[119.475218833,-5.07512217499993,0],[119.475667907,-5.07541339999995,0],[119.476253236,-5.07568456999996,0],[119.476565518,-5.07585913799994,0],[119.476837288,-5.07562374299994,0],[119.47720779,-5.07573949299996,0],[119.477558581,-5.07579674099998,0],[119.477770658,-5.07522956499997,0],[119.478062725,-5.07520891199994,0],[119.478178382,-5.07489598999996,0],[119.478254952,-5.07454416399997,0],[119.478312258,-5.07425099699998,0],[119.478375658,-5.07409027999995,0],[119.478414001,-5.07409711899993,0],[119.478776034,-5.07421658899995,0],[119.478786279,-5.07421825899996,0],[119.479065466,-5.07426381399995,0],[119.479451223,-5.07428649999997,0],[119.479934134,-5.07450218599996,0],[119.480392952,-5.07471795499993,0],[119.481167086,-5.07520867399995,0],[119.481211116,-5.07527435699996,0],[119.481328221,-5.07536901599997,0],[119.481372194,-5.07542006599994,0],[119.481554738,-5.07545594199996,0],[119.481715257,-5.07545532499995,0],[119.481875692,-5.07543276299998,0],[119.481956171,-5.07549098499993,0],[119.482102377,-5.07556358699998,0],[119.48220461,-5.07558513799995,0],[119.482321519,-5.07562858699993,0],[119.482503931,-5.07562788599995,0],[119.482591487,-5.07562754899993,0],[119.482737581,-5.07567088499997,0],[119.482868999,-5.07569233399994,0],[119.482967494,-5.07571168899995,0],[119.482977547,-5.07571366499997,0],[119.48298209,-5.07571516399997,0],[119.482988937,-5.07571742399995,0],[119.483016933,-5.07572666399994,0],[119.483022764,-5.07572920999996,0],[119.48327713,-5.07584027299993,0],[119.483278181,-5.07584439999994,0],[119.483417086,-5.07591702899992,0],[119.483621439,-5.07593087599997,0],[119.483745537,-5.07594503099995,0],[119.484015412,-5.07592203899998,0],[119.484097859,-5.07590794699996,0],[119.484424659,-5.07600630799993,0],[119.484511464,-5.07604073499994,0]]]]}},{"type":"Feature","properties":{"fid":41305,"ori_name":"Buntusu","kode_kec":"73.71.14","kode_kd":"73.71.14.1007","kode_kk":"73.71","kode_prov":"73","tipe_kd":2,"kecamatan":"Tamalanrea","kel_desa":"Buntusu","kab_kota":"Kota Makassar","provinsi":"Sulawesi Selatan","jenis_kd":"Kelurahan","nama":"Kelurahan Buntusu","label":"Kelurahan Buntusu, Kecamatan Tamalanrea, Kota Makassar, Provinsi Sulawesi Selatan, 73.71.14.1007"},"geometry":{"type":"MultiPolygon","coordinates":[[[[119.517986564,-5.13314036299994,0],[119.517520668,-5.13426188399995,0],[119.517508156,-5.13429200299993,0],[119.517134996,-5.13519817199995,0],[119.517795228,-5.13548030899995,0],[119.517869322,-5.13551197199996,0],[119.518426981,-5.13572512299993,0],[119.518617899,-5.13580522299998,0],[119.518794581,-5.13587935199996,0],[119.518885039,-5.13591730499996,0],[119.518850663,-5.13612024299994,0],[119.519035574,-5.13618123299995,0],[119.519018542,-5.13632238199995,0],[119.519300305,-5.13640944299993,0],[119.519292893,-5.13676216799996,0],[119.519469154,-5.13685846699997,0],[119.519461093,-5.13704366799993,0],[119.519364528,-5.13708813599993,0],[119.519488586,-5.13732571399993,0],[119.519391862,-5.13757475699992,0],[119.519375405,-5.13761713699995,0],[119.519349893,-5.13766257199995,0],[119.51915707,-5.13800597099993,0],[119.519394897,-5.13810202599996,0],[119.519342718,-5.13825212599994,0],[119.51922663,-5.13830147999994,0],[119.519180716,-5.13841946199994,0],[119.519322352,-5.13856996199996,0],[119.51932544,-5.13857811999998,0],[119.519326414,-5.13857844199993,0],[119.519459365,-5.13884243799993,0],[119.519095572,-5.13941104199995,0],[119.518943915,-5.13966946599993,0],[119.518711058,-5.13993688699998,0],[119.518454549,-5.14019325799995,0],[119.518408388,-5.14024605899994,0],[119.518324933,-5.14031433599996,0],[119.518015525,-5.14061122599998,0],[119.517867249,-5.14075750299997,0],[119.517733278,-5.14093569999994,0],[119.51762064,-5.14113158099997,0],[119.517543409,-5.14132021899997,0],[119.517501704,-5.14153003599995,0],[119.517474193,-5.14174334999996,0],[119.517449764,-5.14183938399998,0],[119.517330479,-5.14214900699994,0],[119.517267482,-5.14235179599996,0],[119.517238235,-5.14255680199994,0],[119.517242405,-5.14361775799995,0],[119.51724846,-5.14369280299996,0],[119.517296304,-5.14428582799997,0],[119.517400566,-5.14472236399996,0],[119.5172005,-5.14506974999995,0],[119.516924604,-5.14488690999997,0],[119.516802912,-5.14504066499995,0],[119.515883987,-5.14461511999997,0],[119.515473691,-5.14524518599995,0],[119.515321483,-5.14541438999993,0],[119.515092474,-5.14549193599993,0],[119.51490957,-5.14563060499995,0],[119.514818866,-5.14589153599997,0],[119.514849924,-5.14601404099994,0],[119.515141711,-5.14635009399996,0],[119.514867501,-5.14659642199996,0],[119.515266777,-5.14705467699997,0],[119.515360252,-5.14749881199998,0],[119.515162481,-5.14774483899993,0],[119.514971969,-5.14805799699997,0],[119.514919449,-5.14814432799994,0],[119.514869848,-5.14818908099994,0],[119.514819598,-5.14829561999994,0],[119.514616119,-5.14817826699993,0],[119.514316083,-5.14800522599995,0],[119.513692574,-5.14764562599993,0],[119.51369149,-5.14764500099994,0],[119.513690313,-5.14764442199993,0],[119.513036918,-5.14732294899994,0],[119.513036469,-5.14732272799995,0],[119.511808909,-5.14681153799995,0],[119.511100572,-5.14681296799995,0],[119.511100267,-5.14681298899995,0],[119.51038085,-5.14686186699993,0],[119.510379503,-5.14686198399994,0],[119.510174283,-5.14698318199993,0],[119.509861882,-5.14716767699997,0],[119.509861098,-5.14716843499997,0],[119.509689308,-5.14733454499998,0],[119.509879082,-5.14711801499993,0],[119.510132952,-5.14697787399996,0],[119.510110667,-5.14682575299997,0],[119.510106786,-5.14679925999997,0],[119.510094226,-5.14674797399994,0],[119.510086454,-5.14670083499993,0],[119.510073791,-5.14662403499995,0],[119.509850597,-5.14630449099997,0],[119.50977919,-5.14620685499995,0],[119.509813694,-5.14594859399995,0],[119.509786115,-5.14570838299994,0],[119.509723552,-5.14560181899998,0],[119.509563523,-5.14554014099997,0],[119.50938625,-5.14561204999995,0],[119.509261963,-5.14561253999995,0],[119.509110944,-5.14558643699996,0],[119.508879822,-5.14550723499997,0],[119.508843827,-5.14538276999997,0],[119.50863028,-5.14525899499995,0],[119.508550343,-5.14525040799998,0],[119.508363852,-5.14523334699993,0],[119.508239774,-5.14528724099995,0],[119.508008548,-5.14518134099995,0],[119.507848335,-5.14507516099997,0],[119.507776903,-5.14496863099993,0],[119.50767013,-5.14490674299998,0],[119.507714202,-5.14482646599993,0],[119.507704905,-5.14471969099998,0],[119.507820208,-5.14469252999993,0],[119.507935433,-5.14464757299993,0],[119.508077339,-5.14461141399994,0],[119.508254498,-5.14451280699996,0],[119.508378436,-5.14442330399993,0],[119.50837746,-5.14417408499997,0],[119.50805707,-5.14397062699993,0],[119.508188624,-5.14356066999994,0],[119.50841808,-5.14321263499994,0],[119.508364048,-5.14301702999995,0],[119.508140892,-5.14270637799996,0],[119.507971671,-5.14256463199996,0],[119.507758578,-5.14255656899996,0],[119.507509944,-5.14253974299993,0],[119.507287623,-5.14244270899997,0],[119.507110246,-5.14248790999994,0],[119.506861577,-5.14246218999995,0],[119.506665789,-5.14233834399994,0],[119.506709269,-5.14210675499993,0],[119.506531135,-5.14195614099998,0],[119.506193303,-5.14183285399997,0],[119.506005558,-5.14149536299993,0],[119.505622784,-5.14122983999994,0],[119.505320294,-5.14106190999996,0],[119.505070128,-5.14065345299997,0],[119.504873854,-5.14040500099998,0],[119.504650352,-5.14000534099995,0],[119.504596113,-5.13975632999995,0],[119.504852582,-5.13950609899996,0],[119.504745775,-5.13943530799997,0],[119.504657997,-5.13928267299997,0],[119.504638525,-5.13924881399993,0],[119.504593539,-5.13909767599995,0],[119.504535264,-5.13900410399998,0],[119.50447741,-5.13891120799997,0],[119.504470737,-5.13887699899993,0],[119.504395875,-5.13849319399998,0],[119.504355938,-5.13803844099994,0],[119.504332538,-5.13777198699995,0],[119.504328631,-5.13772749599997,0],[119.5043285,-5.13772601099993,0],[119.504312263,-5.13754112299995,0],[119.504315618,-5.13757767499993,0],[119.504329227,-5.13772594699998,0],[119.504407983,-5.13772523999995,0],[119.505369754,-5.13771660799995,0],[119.505375582,-5.13786625099993,0],[119.50619065,-5.13784466799996,0],[119.506260284,-5.13779819299998,0],[119.506983533,-5.13706795899998,0],[119.507798336,-5.13622940399995,0],[119.508427614,-5.13559150599997,0],[119.508417293,-5.13380787399996,0],[119.508411557,-5.13380653099995,0],[119.508422707,-5.13380577899994,0],[119.508468753,-5.13380267499997,0],[119.508482669,-5.13380173699994,0],[119.508535612,-5.13379816799994,0],[119.508595201,-5.13379415199995,0],[119.508610113,-5.13379314699995,0],[119.508612802,-5.13379296599993,0],[119.508648784,-5.13379054099994,0],[119.508691253,-5.13378767799998,0],[119.508719058,-5.13378580399996,0],[119.508728967,-5.13378513599997,0],[119.508774701,-5.13378205299995,0],[119.508783253,-5.13378147699996,0],[119.508843023,-5.13377744799993,0],[119.508847507,-5.13377714599994,0],[119.508887083,-5.13377447799996,0],[119.508906996,-5.13377313599995,0],[119.509097371,-5.13376030399996,0],[119.509426582,-5.13379707699994,0],[119.509706795,-5.13382837699993,0],[119.509783628,-5.13383695899995,0],[119.509884616,-5.13382846399998,0],[119.510148965,-5.13385842399992,0],[119.510337656,-5.13386266199996,0],[119.510337753,-5.13388755199998,0],[119.510536341,-5.13388677099994,0],[119.510561087,-5.13386676299996,0],[119.510601363,-5.13376328199996,0],[119.511159642,-5.13264118099994,0],[119.51140529,-5.13249031899994,0],[119.511405489,-5.13249053499993,0],[119.511439381,-5.13246944299993,0],[119.511549148,-5.13260839499998,0],[119.511688333,-5.13261947899997,0],[119.511722361,-5.13261251299997,0],[119.511916458,-5.13277046499996,0],[119.512181521,-5.13308685299995,0],[119.512323334,-5.13336846099998,0],[119.512561013,-5.13342924499995,0],[119.512852011,-5.13363090299993,0],[119.513186471,-5.13370012699994,0],[119.513291583,-5.13359389699997,0],[119.513758083,-5.13369787599993,0],[119.514025422,-5.13376667699993,0],[119.514163026,-5.13380208799992,0],[119.514321596,-5.13387200499994,0],[119.514585693,-5.13394150499994,0],[119.514858312,-5.13394043099993,0],[119.514779895,-5.13412590999997,0],[119.515158247,-5.13417731799996,0],[119.515193013,-5.13407137399997,0],[119.515483287,-5.13408786199994,0],[119.515526842,-5.13398188299993,0],[119.515654228,-5.13398624399997,0],[119.516152382,-5.13406874799995,0],[119.516241512,-5.13400866499995,0],[119.516244144,-5.13400644999996,0],[119.51645036,-5.13401350899994,0],[119.517471481,-5.13426519199993,0],[119.517986564,-5.13314036299994,0]]]]}},{"type":"Feature","properties":{"fid":41370,"ori_name":"Kapasa","kode_kec":"73.71.14","kode_kd":"73.71.14.1002","kode_kk":"73.71","kode_prov":"73","tipe_kd":2,"kecamatan":"Tamalanrea","kel_desa":"Kapasa","kab_kota":"Kota Makassar","provinsi":"Sulawesi Selatan","jenis_kd":"Kelurahan","nama":"Kelurahan Kapasa","label":"Kelurahan Kapasa, Kecamatan Tamalanrea, Kota Makassar, Provinsi Sulawesi Selatan, 73.71.14.1002"},"geometry":{"type":"MultiPolygon","coordinates":[[[[119.500692825,-5.11523331199993,0],[119.500792748,-5.11532701699997,0],[119.500782705,-5.11547054499994,0],[119.500724628,-5.11560048599995,0],[119.500530496,-5.11603483499994,0],[119.500700524,-5.11614576399995,0],[119.50060542,-5.11622053699995,0],[119.500626818,-5.11627359699997,0],[119.500828615,-5.11637377299996,0],[119.501083734,-5.11655877999993,0],[119.501360116,-5.11675963699997,0],[119.501609811,-5.11691277899996,0],[119.502002321,-5.11699095199998,0],[119.502140197,-5.11701166999995,0],[119.502230341,-5.11702194699996,0],[119.502440312,-5.11650033599994,0],[119.502514555,-5.11651067499997,0],[119.502647255,-5.11656329999994,0],[119.502673673,-5.11654193899994,0],[119.502804027,-5.11598875299995,0],[119.502872371,-5.11584499799994,0],[119.503249425,-5.11604015599994,0],[119.503223379,-5.11615716499995,0],[119.503366709,-5.11621506299997,0],[119.503456956,-5.11625190999996,0],[119.503600153,-5.11627792199994,0],[119.503764684,-5.11633573699993,0],[119.503955726,-5.11639875299994,0],[119.504125486,-5.11644060499998,0],[119.504210598,-5.11651998699995,0],[119.504216456,-5.11666344299994,0],[119.504132357,-5.11684445999992,0],[119.504032615,-5.11708930199995,0],[119.50389599,-5.11739274599995,0],[119.503801477,-5.11762162399998,0],[119.503801663,-5.11766945299996,0],[119.503844147,-5.11769054399997,0],[119.503997974,-5.11772182899995,0],[119.504109351,-5.11774264999997,0],[119.504295041,-5.11778975299995,0],[119.504501798,-5.11780487899995,0],[119.504698162,-5.11787319699994,0],[119.504820417,-5.11796306299993,0],[119.504932257,-5.11810078899993,0],[119.505006739,-5.11817489899994,0],[119.505046706,-5.11818854399996,0],[119.505160649,-5.11822743999994,0],[119.505192326,-5.11819542999996,0],[119.505319271,-5.11813116099995,0],[119.505430698,-5.11816261099995,0],[119.505789858,-5.11831542099998,0],[119.505940384,-5.11839014599997,0],[119.506166107,-5.11848609499998,0],[119.506295339,-5.11860395099995,0],[119.506403193,-5.11874340099996,0],[119.506500563,-5.11894745099994,0],[119.506608291,-5.11905462599998,0],[119.506769838,-5.11920462999996,0],[119.506877566,-5.11931179699997,0],[119.506974811,-5.11948357199998,0],[119.507071729,-5.11956926999994,0],[119.507232941,-5.11963319699993,0],[119.507458621,-5.11971839099994,0],[119.5077377,-5.11973881699993,0],[119.507844255,-5.11954472399998,0],[119.508116663,-5.11959044599996,0],[119.509349586,-5.12024822399997,0],[119.508518437,-5.12147769599994,0],[119.508268043,-5.12185116099994,0],[119.508128352,-5.12186468699997,0],[119.508067962,-5.12199724099997,0],[119.507086148,-5.12334195099993,0],[119.506560279,-5.12387335999995,0],[119.50626155,-5.12417524299997,0],[119.504610838,-5.12545872199996,0],[119.502283045,-5.12692287299996,0],[119.501161388,-5.12621244399998,0],[119.501002474,-5.12617864899994,0],[119.500894094,-5.12607596699996,0],[119.500851725,-5.12596400699994,0],[119.500732494,-5.12585935199996,0],[119.500592433,-5.12578981899998,0],[119.500480606,-5.12579025599996,0],[119.500431569,-5.12576241199997,0],[119.500431242,-5.12567832299993,0],[119.500445059,-5.12563621499993,0],[119.500101629,-5.12539227499997,0],[119.499879011,-5.12565945199998,0],[119.499725161,-5.12563903099993,0],[119.499549798,-5.12547853199993,0],[119.499395657,-5.12538102599996,0],[119.499291007,-5.12543048499998,0],[119.498975856,-5.12527053199994,0],[119.498870579,-5.12515881799993,0],[119.498926275,-5.12510253699998,0],[119.498380022,-5.12482434699996,0],[119.498022966,-5.12467157099996,0],[119.497883123,-5.12465809899993,0],[119.497337252,-5.12447802399993,0],[119.495460653,-5.12359532599993,0],[119.495222664,-5.12350514999997,0],[119.495062372,-5.12362491599993,0],[119.49492291,-5.12370955899996,0],[119.494818259,-5.12375901699994,0],[119.494699501,-5.12377349899998,0],[119.494594714,-5.12378792599998,0],[119.494546004,-5.12384417899995,0],[119.494476245,-5.12387949199996,0],[119.494441679,-5.12397773499993,0],[119.494406922,-5.12402692999996,0],[119.494302298,-5.12408340099995,0],[119.494169668,-5.12412597299993,0],[119.494099719,-5.12411222799994,0],[119.493953162,-5.12416886299997,0],[119.493820278,-5.12414835799996,0],[119.493694715,-5.12421191599998,0],[119.493506497,-5.12433879499997,0],[119.493443887,-5.12441613399994,0],[119.493388001,-5.12442335599997,0],[119.493311121,-5.12442365599998,0],[119.493292562,-5.12443339899994,0],[119.493268285,-5.12441407999995,0],[119.493110648,-5.12445425499993,0],[119.493049647,-5.12446979399994,0],[119.492981462,-5.12452492099993,0],[119.492899602,-5.12458010199992,0],[119.492776552,-5.12459429199993,0],[119.492461583,-5.12449951799994,0],[119.492297597,-5.12454129799994,0],[119.492147402,-5.12461046499993,0],[119.492038238,-5.12467946299995,0],[119.491874687,-5.12483096399995,0],[119.49148989,-5.12490719999994,0],[119.491488553,-5.12488770999994,0],[119.491423666,-5.12492872499996,0],[119.491287047,-5.12497040799997,0],[119.491149994,-5.12490236099995,0],[119.490999107,-5.12479323499997,0],[119.490847955,-5.12461552899993,0],[119.49094301,-5.12443686399996,0],[119.491160851,-5.12417542799994,0],[119.49117395,-5.12402451199995,0],[119.49061202,-5.12373868399993,0],[119.490611648,-5.12364268199997,0],[119.49070665,-5.12345029699998,0],[119.490828851,-5.12321666499997,0],[119.4909238,-5.12301056899997,0],[119.490867873,-5.12269534799998,0],[119.490864797,-5.12269249399998,0],[119.490028646,-5.12267479299993,0],[119.490009099,-5.12267437899993,0],[119.490045631,-5.12243594599994,0],[119.490154435,-5.12208495899995,0],[119.490295497,-5.12198794199998,0],[119.490478217,-5.12202527099993,0],[119.490978597,-5.12238686999996,0],[119.491243542,-5.12241406099997,0],[119.491382263,-5.12229459199995,0],[119.491495675,-5.12198247499992,0],[119.491551508,-5.12160086399996,0],[119.491775971,-5.12142364799996,0],[119.49205435,-5.12142666399996,0],[119.49251345,-5.12158481499995,0],[119.492870115,-5.12171875699994,0],[119.49309112,-5.12170559299994,0],[119.493342056,-5.12160227299995,0],[119.493332598,-5.12140761599994,0],[119.493407034,-5.12115451399995,0],[119.493519223,-5.12091288899995,0],[119.493581854,-5.12060752799994,0],[119.493597785,-5.12012797199998,0],[119.493519055,-5.11982349999994,0],[119.49288392,-5.11909689799995,0],[119.492727875,-5.11885248799996,0],[119.492494445,-5.11865021199998,0],[119.492109759,-5.11828197699998,0],[119.492069907,-5.11804509299998,0],[119.492045679,-5.11797617699995,0],[119.49186823,-5.11778483699993,0],[119.491721519,-5.11779740999998,0],[119.49151903,-5.11810124699997,0],[119.491456215,-5.11812249399998,0],[119.491270361,-5.11808121099995,0],[119.491132288,-5.11800373599993,0],[119.491066107,-5.11792898099998,0],[119.49105737,-5.11781692599993,0],[119.491266729,-5.11762476399997,0],[119.491285475,-5.11753326999997,0],[119.49127465,-5.11747803399993,0],[119.491168209,-5.11739340399993,0],[119.490734151,-5.11710381999995,0],[119.490466289,-5.11683473499994,0],[119.490242584,-5.11673995899997,0],[119.490087132,-5.11666028999997,0],[119.490068154,-5.11660229299997,0],[119.490083253,-5.11653903999996,0],[119.490171709,-5.11647324799998,0],[119.490549062,-5.11624944999994,0],[119.490595681,-5.11618037699998,0],[119.490613671,-5.11598302799996,0],[119.490753868,-5.11586348799995,0],[119.49084134,-5.11585062199993,0],[119.491054253,-5.11594373699995,0],[119.491212952,-5.11595427999993,0],[119.491393031,-5.11595357899995,0],[119.491453167,-5.11598183099994,0],[119.491608598,-5.11614264299993,0],[119.491747581,-5.11613577199995,0],[119.49210463,-5.11607649399997,0],[119.492458796,-5.11578763599994,0],[119.492527101,-5.11578280699996,0],[119.493150064,-5.11597214499994,0],[119.493265015,-5.11593479999993,0],[119.493480426,-5.11568490499997,0],[119.493517167,-5.11566170099996,0],[119.493936234,-5.11569235399998,0],[119.493977812,-5.11572908999995,0],[119.494019978,-5.11591802399994,0],[119.494107593,-5.11595457899995,0],[119.494416115,-5.11597182699995,0],[119.494558635,-5.11592053799995,0],[119.494680625,-5.11583751999996,0],[119.494843441,-5.11582523099997,0],[119.495169389,-5.11588223299998,0],[119.495247958,-5.11589358099997,0],[119.49555614,-5.11586907199995,0],[119.49573482,-5.11583304799996,0],[119.495754738,-5.11581293899997,0],[119.49575457,-5.11576953799994,0],[119.495771142,-5.11574610299994,0],[119.496054304,-5.11571828999996,0],[119.496493145,-5.11561094899997,0],[119.496634609,-5.11555421299994,0],[119.496689181,-5.11554512899994,0],[119.496890505,-5.11554914599998,0],[119.496945401,-5.11552444799997,0],[119.497342341,-5.11496013999994,0],[119.497404959,-5.11493331099996,0],[119.497523069,-5.11490868299995,0],[119.497790269,-5.11476021999994,0],[119.497961058,-5.11463388299995,0],[119.497987612,-5.11463861299995,0],[119.498176206,-5.11474904799996,0],[119.498215995,-5.11474572399993,0],[119.498306165,-5.11467917099998,0],[119.498400004,-5.11466138399993,0],[119.498549556,-5.11466079999997,0],[119.498678349,-5.11468817199994,0],[119.498852667,-5.11479550599995,0],[119.498932754,-5.11481958399997,0],[119.499068396,-5.11481905499994,0],[119.49922148,-5.11483239499995,0],[119.499270213,-5.11484265699994,0],[119.499399154,-5.11490835699993,0],[119.499500509,-5.11494973499993,0],[119.499776646,-5.11498025899994,0],[119.500076411,-5.11500279099994,0],[119.500277706,-5.11505335799995,0],[119.500490924,-5.11512758099997,0],[119.500692825,-5.11523331199993,0]]]]}},{"type":"Feature","properties":{"fid":41371,"ori_name":"Kapasa Raya","kode_kec":"73.71.14","kode_kd":"73.71.14.1008","kode_kk":"73.71","kode_prov":"73","tipe_kd":2,"kecamatan":"Tamalanrea","kel_desa":"Kapasa Raya","kab_kota":"Kota Makassar","provinsi":"Sulawesi Selatan","jenis_kd":"Kelurahan","nama":"Kelurahan Kapasa Raya","label":"Kelurahan Kapasa Raya, Kecamatan Tamalanrea, Kota Makassar, Provinsi Sulawesi Selatan, 73.71.14.1008"},"geometry":{"type":"MultiPolygon","coordinates":[[[[119.49841496,-5.09665165199993,0],[119.498964168,-5.09681356699997,0],[119.500210172,-5.09712076999995,0],[119.50045797,-5.09709111899997,0],[119.500448612,-5.09709772599996,0],[119.500492629,-5.09708697999997,0],[119.500782577,-5.09701616899997,0],[119.500788562,-5.09701614599993,0],[119.501236454,-5.09701440299995,0],[119.501415816,-5.09715851299995,0],[119.501383173,-5.09760686399994,0],[119.50127407,-5.09784864099993,0],[119.50113075,-5.09813191799998,0],[119.500890906,-5.09835351599997,0],[119.500376787,-5.09878304399996,0],[119.500370417,-5.09891409299996,0],[119.500357169,-5.09904516099994,0],[119.500268546,-5.09924548199996,0],[119.500193696,-5.09945264499993,0],[119.500078498,-5.09989441299996,0],[119.499854517,-5.10066070999994,0],[119.49960969,-5.10137191899997,0],[119.499391794,-5.10193131999995,0],[119.499078887,-5.10282208199993,0],[119.499085951,-5.10287032699995,0],[119.49890947,-5.10347093399997,0],[119.498628209,-5.10365131699996,0],[119.497571916,-5.10437258099995,0],[119.497290858,-5.10460813199995,0],[119.49728496,-5.10461185999998,0],[119.497071332,-5.10474689799997,0],[119.497016713,-5.10485055099997,0],[119.496918352,-5.10515028499998,0],[119.496647111,-5.10530710199993,0],[119.496481955,-5.10528016099994,0],[119.496151749,-5.10525386999996,0],[119.495904117,-5.10524104099994,0],[119.495601607,-5.10526290599995,0],[119.495209851,-5.10532648399993,0],[119.494818494,-5.10549350299993,0],[119.494413436,-5.10567436599996,0],[119.494269605,-5.10582662999997,0],[119.494009159,-5.10605520399997,0],[119.493975972,-5.10636563799994,0],[119.494135637,-5.10675117899996,0],[119.494273311,-5.10678512399994,0],[119.49440473,-5.10697769399997,0],[119.494563622,-5.10716326099993,0],[119.4947783,-5.10754858799993,0],[119.494841317,-5.10783795999993,0],[119.494739231,-5.10811419099997,0],[119.49458887,-5.10835611999994,0],[119.494417262,-5.10843953999995,0],[119.494406678,-5.10843911999996,0],[119.494402332,-5.10843894699997,0],[119.494327934,-5.10846057599997,0],[119.494073903,-5.10857189199993,0],[119.494005191,-5.10858595099995,0],[119.493826438,-5.10860043799994,0],[119.493612712,-5.10846335699995,0],[119.49337854,-5.10837461899996,0],[119.493276053,-5.10854740999997,0],[119.493132648,-5.10881000899997,0],[119.493051051,-5.10905167999994,0],[119.493306309,-5.10925755199997,0],[119.493933673,-5.10965506599996,0],[119.493769716,-5.10993843399996,0],[119.493840425,-5.10999557799994,0],[119.493880102,-5.11002764499995,0],[119.493939786,-5.11004684399995,0],[119.49443096,-5.11020479099994,0],[119.49443072,-5.11014272699992,0],[119.494430213,-5.11001171299995,0],[119.494539506,-5.10981820599994,0],[119.494477182,-5.10970812099993,0],[119.494559151,-5.10956299299994,0],[119.494820425,-5.10954818499994,0],[119.495384218,-5.10951151099994,0],[119.495434102,-5.10954894199995,0],[119.495777365,-5.10980649299995,0],[119.496080758,-5.11001218499996,0],[119.496930286,-5.11094669599993,0],[119.497073183,-5.11110009399994,0],[119.497192709,-5.11122839399997,0],[119.497258655,-5.11133082699996,0],[119.497303417,-5.11140035499994,0],[119.497432197,-5.11153962699996,0],[119.497462258,-5.11157212799998,0],[119.497565679,-5.11164068599993,0],[119.497931051,-5.11186682199997,0],[119.498103514,-5.11200406199993,0],[119.498302899,-5.11198949299995,0],[119.498309776,-5.11198946599995,0],[119.498447505,-5.11203720099996,0],[119.498771157,-5.11214626699996,0],[119.499184431,-5.11231015199996,0],[119.499294622,-5.11235109799998,0],[119.500044825,-5.11260282899997,0],[119.500476774,-5.11274776799996,0],[119.500899335,-5.11294476599994,0],[119.500968128,-5.11295139399994,0],[119.501016565,-5.11302705199995,0],[119.501017701,-5.11304326199996,0],[119.501036435,-5.11305099799995,0],[119.501072067,-5.11315096399994,0],[119.501141235,-5.11325412599996,0],[119.501220345,-5.11329485899995,0],[119.501327293,-5.11334994099997,0],[119.501451266,-5.11339772299993,0],[119.501533769,-5.11339050499993,0],[119.501588709,-5.11336960199998,0],[119.501638524,-5.11337297799997,0],[119.501781324,-5.11338264199998,0],[119.501883901,-5.11340093199993,0],[119.501932727,-5.11340963499993,0],[119.501989325,-5.11344446399994,0],[119.50244162,-5.11363123099994,0],[119.502825236,-5.11331889599995,0],[119.502940299,-5.11331203899994,0],[119.503093923,-5.11335631199995,0],[119.503189954,-5.11338799499993,0],[119.503203084,-5.11347769199995,0],[119.503216199,-5.11356098899995,0],[119.503184501,-5.11363162799995,0],[119.503184875,-5.11372779099997,0],[119.503191524,-5.11379188099994,0],[119.503204504,-5.11384311199993,0],[119.503195383,-5.11388031199994,0],[119.503145951,-5.11392206199997,0],[119.503136966,-5.11392965299996,0],[119.50308671,-5.11407250599996,0],[119.503117789,-5.11422523599992,0],[119.503048157,-5.11461272499997,0],[119.502366711,-5.11447272099997,0],[119.502163539,-5.11449389599994,0],[119.501911813,-5.11509608099993,0],[119.501484438,-5.11495509399998,0],[119.50145434,-5.11505711499996,0],[119.501495744,-5.11525055799996,0],[119.501414409,-5.11524068899996,0],[119.501231325,-5.11520064299998,0],[119.500692825,-5.11523331199993,0],[119.500490924,-5.11512758099997,0],[119.500277706,-5.11505335799995,0],[119.500076411,-5.11500279099994,0],[119.499776646,-5.11498025899994,0],[119.499500509,-5.11494973499993,0],[119.499399154,-5.11490835699993,0],[119.499270213,-5.11484265699994,0],[119.49922148,-5.11483239499995,0],[119.499068396,-5.11481905499994,0],[119.498932754,-5.11481958399997,0],[119.498852667,-5.11479550599995,0],[119.498678349,-5.11468817199994,0],[119.498549556,-5.11466079999997,0],[119.498400004,-5.11466138399993,0],[119.498306165,-5.11467917099998,0],[119.498215995,-5.11474572399993,0],[119.498176206,-5.11474904799996,0],[119.497987612,-5.11463861299995,0],[119.497961058,-5.11463388299995,0],[119.497790269,-5.11476021999994,0],[119.497523069,-5.11490868299995,0],[119.497404959,-5.11493331099996,0],[119.497342341,-5.11496013999994,0],[119.496945401,-5.11552444799997,0],[119.496890505,-5.11554914599998,0],[119.496689181,-5.11554512899994,0],[119.496634609,-5.11555421299994,0],[119.496493145,-5.11561094899997,0],[119.496054304,-5.11571828999996,0],[119.495771142,-5.11574610299994,0],[119.49575457,-5.11576953799994,0],[119.495754738,-5.11581293899997,0],[119.49573482,-5.11583304799996,0],[119.49555614,-5.11586907199995,0],[119.495247958,-5.11589358099997,0],[119.495169389,-5.11588223299998,0],[119.494843441,-5.11582523099997,0],[119.494680625,-5.11583751999996,0],[119.494558635,-5.11592053799995,0],[119.494416115,-5.11597182699995,0],[119.494107593,-5.11595457899995,0],[119.494019978,-5.11591802399994,0],[119.493977812,-5.11572908999995,0],[119.493936234,-5.11569235399998,0],[119.493517167,-5.11566170099996,0],[119.493480426,-5.11568490499997,0],[119.493265015,-5.11593479999993,0],[119.493150064,-5.11597214499994,0],[119.492527101,-5.11578280699996,0],[119.492458796,-5.11578763599994,0],[119.49210463,-5.11607649399997,0],[119.491747581,-5.11613577199995,0],[119.491608598,-5.11614264299993,0],[119.491453167,-5.11598183099994,0],[119.491393031,-5.11595357899995,0],[119.491212952,-5.11595427999993,0],[119.491054253,-5.11594373699995,0],[119.49084134,-5.11585062199993,0],[119.490753868,-5.11586348799995,0],[119.490613671,-5.11598302799996,0],[119.490595681,-5.11618037699998,0],[119.490549062,-5.11624944999994,0],[119.490171709,-5.11647324799998,0],[119.490083253,-5.11653903999996,0],[119.490068154,-5.11660229299997,0],[119.490087132,-5.11666028999997,0],[119.490242584,-5.11673995899997,0],[119.490466289,-5.11683473499994,0],[119.490734151,-5.11710381999995,0],[119.491168209,-5.11739340399993,0],[119.49127465,-5.11747803399993,0],[119.491285475,-5.11753326999997,0],[119.491266729,-5.11762476399997,0],[119.49105737,-5.11781692599993,0],[119.491066107,-5.11792898099998,0],[119.491132288,-5.11800373599993,0],[119.491270361,-5.11808121099995,0],[119.491456215,-5.11812249399998,0],[119.49151903,-5.11810124699997,0],[119.491721519,-5.11779740999998,0],[119.49186823,-5.11778483699993,0],[119.492045679,-5.11797617699995,0],[119.492069907,-5.11804509299998,0],[119.492109759,-5.11828197699998,0],[119.492494445,-5.11865021199998,0],[119.492727875,-5.11885248799996,0],[119.49288392,-5.11909689799995,0],[119.493519055,-5.11982349999994,0],[119.493597785,-5.12012797199998,0],[119.493581854,-5.12060752799994,0],[119.493519223,-5.12091288899995,0],[119.493407034,-5.12115451399995,0],[119.493332598,-5.12140761599994,0],[119.493342056,-5.12160227299995,0],[119.49309112,-5.12170559299994,0],[119.492870115,-5.12171875699994,0],[119.49251345,-5.12158481499995,0],[119.49205435,-5.12142666399996,0],[119.491775971,-5.12142364799996,0],[119.491551508,-5.12160086399996,0],[119.491495675,-5.12198247499992,0],[119.491382263,-5.12229459199995,0],[119.491243542,-5.12241406099997,0],[119.490978597,-5.12238686999996,0],[119.490478217,-5.12202527099993,0],[119.490295497,-5.12198794199998,0],[119.490154435,-5.12208495899995,0],[119.490045631,-5.12243594599994,0],[119.490009099,-5.12267437899993,0],[119.489932502,-5.12273393099997,0],[119.489846037,-5.12279636899996,0],[119.489734562,-5.12279680299997,0],[119.489573392,-5.12276016599998,0],[119.489263004,-5.12257507999993,0],[119.488654288,-5.12211792299996,0],[119.488136593,-5.12183217199993,0],[119.487284814,-5.12171101099995,0],[119.487116919,-5.12175130499998,0],[119.486783299,-5.12196374199993,0],[119.486523759,-5.12211378099994,0],[119.486239055,-5.12216457099993,0],[119.486028344,-5.12212813399998,0],[119.485668368,-5.12193081099997,0],[119.485246362,-5.12170890099998,0],[119.485023161,-5.12164766699993,0],[119.484978199,-5.12164784199996,0],[119.484724146,-5.12177643799993,0],[119.484683228,-5.12179446599993,0],[119.484504031,-5.12193533499993,0],[119.484257019,-5.12212258899996,0],[119.484046731,-5.12219792499997,0],[119.483662752,-5.12219941599994,0],[119.483303199,-5.12211387399998,0],[119.482955657,-5.12192892799993,0],[119.482632462,-5.12163211299998,0],[119.48244565,-5.12137202299994,0],[119.482444595,-5.12109878499996,0],[119.482443349,-5.12077587399995,0],[119.482618353,-5.12038437499996,0],[119.482770398,-5.11989501799997,0],[119.482682703,-5.11967372399994,0],[119.48263713,-5.11963250599996,0],[119.482488202,-5.11955856399993,0],[119.482314743,-5.11954681799995,0],[119.482178488,-5.11954734699998,0],[119.482042386,-5.11958512999996,0],[119.481881743,-5.11968510999998,0],[119.481773941,-5.11981081499994,0],[119.481679287,-5.12049398999994,0],[119.481649708,-5.12117529499994,0],[119.481645706,-5.12118464699995,0],[119.481637245,-5.12118309799996,0],[119.481634035,-5.12118510799996,0],[119.481619463,-5.12120721699995,0],[119.481590499,-5.12125113799993,0],[119.481433796,-5.12136314999998,0],[119.481430443,-5.12136316299996,0],[119.48129142,-5.12136370299993,0],[119.481278269,-5.12136375399996,0],[119.48114492,-5.12133980399994,0],[119.481069884,-5.12132505599993,0],[119.48094604,-5.12130206399996,0],[119.480805253,-5.12119817399997,0],[119.480760261,-5.12116741899996,0],[119.480516324,-5.12104142999993,0],[119.48044998,-5.12100716399993,0],[119.480427292,-5.12100014799995,0],[119.480364582,-5.12098643599995,0],[119.480144471,-5.12096212699993,0],[119.480144418,-5.12096252499992,0],[119.480071346,-5.12095458399995,0],[119.479988515,-5.12095348899993,0],[119.479617063,-5.12094858099994,0],[119.479615746,-5.12091538899995,0],[119.479637567,-5.12091730999992,0],[119.479621185,-5.12061246099995,0],[119.479367561,-5.12018394899997,0],[119.4785594,-5.11970704299995,0],[119.477676337,-5.11940728399998,0],[119.477096605,-5.11935900499998,0],[119.476668445,-5.11941118599998,0],[119.475938996,-5.11974245699997,0],[119.47538504,-5.11984565699993,0],[119.474755015,-5.11982283099996,0],[119.474224707,-5.11952170299998,0],[119.473819903,-5.11909376199998,0],[119.473566468,-5.11871576799996,0],[119.473235995,-5.11795909799997,0],[119.472754533,-5.11725354399994,0],[119.472383682,-5.11689685399995,0],[119.472875035,-5.11595370399993,0],[119.472883982,-5.11594466199995,0],[119.472890492,-5.11593808299995,0],[119.472934649,-5.11589345999994,0],[119.473018428,-5.11573567499994,0],[119.473067704,-5.11564286899994,0],[119.473072317,-5.11563418199995,0],[119.473074482,-5.11563028699993,0],[119.47313132,-5.11552805199995,0],[119.473145629,-5.11550231399997,0],[119.473195446,-5.11541270799995,0],[119.473220328,-5.11536795199993,0],[119.473281884,-5.11525722999994,0],[119.4733468,-5.11514046399998,0],[119.473364313,-5.11510896299995,0],[119.473387529,-5.11508022099997,0],[119.473392483,-5.11507408799997,0],[119.473399272,-5.11506568299995,0],[119.473542158,-5.11488878899996,0],[119.473567403,-5.11485753499994,0],[119.47362799,-5.11478252699993,0],[119.473655316,-5.11474869699992,0],[119.473674098,-5.11472544399993,0],[119.473723263,-5.11466457799997,0],[119.473730258,-5.11465591799993,0],[119.473821591,-5.11454869499994,0],[119.473827563,-5.11454168399996,0],[119.47384131,-5.11452554599992,0],[119.473891035,-5.11446716999995,0],[119.473928523,-5.11442315999994,0],[119.474036327,-5.11429659899994,0],[119.474054634,-5.11427510699997,0],[119.474144338,-5.11416979699993,0],[119.474130402,-5.11416055699993,0],[119.474170833,-5.11411050499993,0],[119.474328106,-5.11391579899993,0],[119.474883135,-5.11345244399996,0],[119.476777104,-5.11177020799994,0],[119.478103824,-5.11052710599995,0],[119.478200193,-5.11040535999996,0],[119.478489675,-5.11013722499996,0],[119.47943151,-5.10908206099998,0],[119.478993038,-5.10796158299996,0],[119.478907723,-5.10774356699994,0],[119.478833324,-5.10755344599994,0],[119.478813098,-5.10752327299997,0],[119.478761994,-5.10744704399997,0],[119.478796224,-5.10712687699993,0],[119.478724338,-5.10687823399996,0],[119.478918089,-5.10653966399997,0],[119.478970401,-5.10630832799995,0],[119.478933369,-5.10589953799996,0],[119.478896192,-5.10545518199996,0],[119.478876481,-5.10493964699998,0],[119.478909619,-5.10433499799996,0],[119.478376782,-5.10410592199997,0],[119.477809159,-5.10405476999995,0],[119.477821719,-5.10398757599995,0],[119.476987563,-5.10405615999997,0],[119.47671357,-5.10405721699993,0],[119.476398009,-5.10393480099998,0],[119.475575294,-5.10374566799993,0],[119.474944479,-5.10358326099993,0],[119.47487572,-5.10351483599993,0],[119.474669591,-5.10335079099997,0],[119.474504829,-5.10325526799994,0],[119.474244853,-5.10333868999993,0],[119.474162235,-5.10322912099997,0],[119.474106808,-5.10306448699993,0],[119.473956054,-5.10305133799994,0],[119.473941826,-5.10291402099995,0],[119.473749882,-5.10287355499997,0],[119.473735812,-5.10277745199994,0],[119.473570103,-5.10243467299995,0],[119.47344554,-5.10210546499997,0],[119.473458872,-5.10200925599997,0],[119.47344354,-5.10158347799995,0],[119.473291427,-5.10121316999994,0],[119.47307123,-5.10095302099995,0],[119.473084247,-5.10077439299994,0],[119.47313699,-5.10023846599995,0],[119.473203128,-5.09962005799997,0],[119.472927033,-5.09907164999993,0],[119.472925298,-5.09861834299994,0],[119.472800264,-5.09816551099993,0],[119.472538081,-5.09767200099998,0],[119.472467589,-5.09715027699997,0],[119.472657859,-5.09675117499995,0],[119.473122215,-5.09637849499995,0],[119.473353534,-5.09596550599997,0],[119.473392736,-5.09547083699994,0],[119.47337667,-5.09485274599996,0],[119.473484323,-5.09434406599996,0],[119.473646613,-5.09379397099997,0],[119.473783034,-5.09364234499998,0],[119.474053237,-5.09357442699996,0],[119.47424587,-5.09330888899996,0],[119.474472056,-5.09320283299996,0],[119.474951692,-5.09248365999997,0],[119.475063876,-5.09238681799997,0],[119.475156403,-5.09236273299996,0],[119.475511046,-5.09229472799996,0],[119.476250019,-5.09214594099996,0],[119.476393132,-5.09215953199993,0],[119.476518063,-5.09216890299996,0],[119.476731299,-5.09222661999996,0],[119.476979703,-5.09229715899994,0],[119.477010052,-5.09231676399997,0],[119.477070819,-5.09237417799994,0],[119.477095687,-5.09238271999993,0],[119.477276415,-5.09238583699994,0],[119.477365892,-5.09240455699995,0],[119.477480763,-5.09244840799994,0],[119.47766296,-5.09258187799998,0],[119.477773072,-5.09261978899997,0],[119.478134387,-5.09270704699998,0],[119.478201118,-5.09272483799998,0],[119.478232286,-5.09272471799994,0],[119.478290884,-5.09270611799997,0],[119.478420773,-5.09263211699994,0],[119.478470254,-5.09262641299995,0],[119.47860608,-5.09266631499997,0],[119.478628158,-5.09268644299993,0],[119.478639285,-5.09271947499997,0],[119.478597606,-5.09292739199998,0],[119.478597864,-5.09299469799993,0],[119.47861357,-5.09304899999995,0],[119.478636904,-5.09307220899996,0],[119.478678321,-5.09309534699997,0],[119.478891265,-5.09313058599997,0],[119.478976323,-5.09313843699994,0],[119.479092759,-5.09317014699997,0],[119.479423325,-5.09332430499995,0],[119.479715581,-5.09350382199995,0],[119.47990101,-5.09354257799993,0],[119.48012095,-5.09356621199993,0],[119.480443318,-5.09358894599995,0],[119.480643732,-5.09360825199997,0],[119.48089427,-5.09363740399994,0],[119.480991074,-5.09363033699998,0],[119.481421389,-5.09352159099996,0],[119.481451465,-5.09352816799998,0],[119.481411817,-5.09388431199994,0],[119.481471135,-5.09400792899993,0],[119.481527182,-5.09404604599996,0],[119.48166286,-5.09407940599993,0],[119.481879504,-5.09416783499995,0],[119.48205623,-5.09427463499998,0],[119.482102299,-5.09428543099995,0],[119.482147144,-5.09428525699997,0],[119.482230509,-5.09430580399993,0],[119.482363573,-5.09433899899994,0],[119.482501504,-5.09438822899995,0],[119.482521156,-5.09440804099995,0],[119.482550966,-5.09445318799993,0],[119.482579279,-5.09447570899994,0],[119.482688157,-5.09453045199996,0],[119.482829793,-5.09458219999993,0],[119.482876001,-5.09460690699996,0],[119.482886848,-5.09462422499996,0],[119.482899677,-5.09466768099998,0],[119.482872642,-5.09476606199996,0],[119.482872368,-5.09480953599996,0],[119.482888144,-5.09484668799996,0],[119.483000033,-5.09497552499994,0],[119.483011878,-5.09500681699996,0],[119.483006361,-5.09519406799996,0],[119.482924521,-5.09535573599993,0],[119.482924702,-5.09540296099993,0],[119.482955141,-5.09545306099994,0],[119.483238823,-5.09547955799997,0],[119.483321503,-5.09550131399993,0],[119.483335342,-5.09552057599996,0],[119.483343846,-5.09558400799995,0],[119.483352391,-5.09565847599993,0],[119.48339658,-5.09569417699993,0],[119.483492179,-5.09573539399997,0],[119.483666859,-5.09580728399993,0],[119.483798562,-5.09583120199994,0],[119.48394022,-5.09590881999998,0],[119.483960074,-5.09600156399995,0],[119.484326574,-5.09623952799996,0],[119.484514157,-5.09634505799994,0],[119.484729242,-5.09648246299997,0],[119.484925319,-5.09665833999998,0],[119.485279736,-5.09696903099996,0],[119.485431511,-5.09707085599996,0],[119.485715746,-5.09717216799993,0],[119.485865292,-5.09723508799993,0],[119.486318282,-5.09745097399997,0],[119.486526781,-5.09753901899995,0],[119.48652778,-5.09753888799997,0],[119.486967321,-5.09748136099995,0],[119.487259847,-5.09757905799995,0],[119.487291845,-5.09758053699994,0],[119.487361894,-5.09749369499997,0],[119.487390644,-5.09748236099995,0],[119.487553858,-5.09749615799996,0],[119.487792185,-5.09754922199994,0],[119.487883102,-5.09759394299994,0],[119.487897491,-5.09759055599994,0],[119.4879435,-5.09745491699994,0],[119.48795448,-5.09742933599995,0],[119.487988769,-5.09741476899995,0],[119.488066361,-5.09742557199996,0],[119.488179414,-5.09743845899993,0],[119.488229597,-5.09742544399995,0],[119.488268478,-5.09739878099998,0],[119.488319514,-5.09727439499994,0],[119.488338506,-5.09714455099993,0],[119.488362928,-5.09712723999996,0],[119.488768693,-5.09714220899997,0],[119.488825174,-5.09716679999997,0],[119.489286572,-5.09735044999996,0],[119.489449513,-5.09736070299994,0],[119.489649343,-5.09736210599993,0],[119.489833726,-5.09730043999997,0],[119.489883148,-5.09724905399997,0],[119.489932538,-5.09715295699993,0],[119.489991593,-5.09708175899993,0],[119.490067858,-5.09700665799994,0],[119.490084972,-5.09697781999995,0],[119.490147611,-5.09684330999994,0],[119.490263762,-5.09668941199993,0],[119.490387635,-5.09655274599993,0],[119.490425491,-5.09652490499997,0],[119.490437355,-5.09651890199996,0],[119.490452214,-5.09651884399995,0],[119.490483424,-5.09652021199997,0],[119.490505685,-5.09651267999993,0],[119.490579848,-5.09647813999993,0],[119.490596187,-5.09647658799997,0],[119.490655601,-5.09647040099998,0],[119.490671627,-5.09646448199993,0],[119.49070386,-5.09644764999996,0],[119.490774533,-5.09640247599998,0],[119.490877427,-5.09633733899994,0],[119.490972786,-5.09626957299997,0],[119.491017643,-5.09620755099996,0],[119.491074249,-5.09611455999993,0],[119.491095354,-5.09610989199996,0],[119.491189593,-5.09618276699996,0],[119.491481326,-5.09641929499998,0],[119.491815864,-5.09668228699996,0],[119.491817437,-5.09674944999995,0],[119.491830675,-5.09677442299994,0],[119.491942821,-5.09688988799996,0],[119.492259063,-5.09672036599994,0],[119.492367669,-5.09661472799996,0],[119.492409749,-5.09652791299993,0],[119.492434557,-5.09645182599996,0],[119.492651743,-5.09648699899998,0],[119.492765043,-5.09612138799997,0],[119.492826101,-5.09600533299994,0],[119.493485471,-5.09520905199997,0],[119.493625904,-5.09500078299993,0],[119.493826894,-5.09501550299996,0],[119.493931339,-5.09503271399996,0],[119.49406107,-5.09506933899996,0],[119.494181464,-5.09508743599997,0],[119.494320595,-5.09516114499996,0],[119.49471935,-5.09535450399994,0],[119.494969841,-5.09550202799994,0],[119.495211283,-5.09570527999995,0],[119.495591748,-5.09595439399993,0],[119.496064836,-5.09622171099994,0],[119.496222616,-5.09633247499994,0],[119.496352742,-5.09647118299995,0],[119.496482939,-5.09662845599996,0],[119.496594721,-5.09681364599993,0],[119.496678777,-5.09700822599996,0],[119.49677184,-5.09713780499993,0],[119.496836889,-5.09720251799996,0],[119.496994598,-5.09729471699995,0],[119.497065367,-5.09732101399993,0],[119.498167522,-5.09677437399995,0],[119.498398137,-5.09665999599997,0],[119.49841496,-5.09665165199993,0]]]]}},{"type":"Feature","properties":{"fid":41572,"ori_name":"Parang Loe","kode_kec":"73.71.14","kode_kd":"73.71.14.1004","kode_kk":"73.71","kode_prov":"73","tipe_kd":2,"kecamatan":"Tamalanrea","kel_desa":"Parang Loe","kab_kota":"Kota Makassar","provinsi":"Sulawesi Selatan","jenis_kd":"Kelurahan","nama":"Kelurahan Parang Loe","label":"Kelurahan Parang Loe, Kecamatan Tamalanrea, Kota Makassar, Provinsi Sulawesi Selatan, 73.71.14.1004"},"geometry":{"type":"MultiPolygon","coordinates":[[[[119.474951692,-5.09248365999997,0],[119.474472056,-5.09320283299996,0],[119.47424587,-5.09330888899996,0],[119.474053237,-5.09357442699996,0],[119.473783034,-5.09364234499998,0],[119.473646613,-5.09379397099997,0],[119.473484323,-5.09434406599996,0],[119.47337667,-5.09485274599996,0],[119.473392736,-5.09547083699994,0],[119.473353534,-5.09596550599997,0],[119.473122215,-5.09637849499995,0],[119.472657859,-5.09675117499995,0],[119.472467589,-5.09715027699997,0],[119.472538081,-5.09767200099998,0],[119.472800264,-5.09816551099993,0],[119.472925298,-5.09861834299994,0],[119.472927033,-5.09907164999993,0],[119.473203128,-5.09962005799997,0],[119.47313699,-5.10023846599995,0],[119.473084247,-5.10077439299994,0],[119.47307123,-5.10095302099995,0],[119.473291427,-5.10121316999994,0],[119.47344354,-5.10158347799995,0],[119.473458872,-5.10200925599997,0],[119.47344554,-5.10210546499997,0],[119.473570103,-5.10243467299995,0],[119.473735812,-5.10277745199994,0],[119.473749882,-5.10287355499997,0],[119.473941826,-5.10291402099995,0],[119.473956054,-5.10305133799994,0],[119.474106808,-5.10306448699993,0],[119.474162235,-5.10322912099997,0],[119.474244853,-5.10333868999993,0],[119.474504829,-5.10325526799994,0],[119.474669591,-5.10335079099997,0],[119.47487572,-5.10351483599993,0],[119.474944479,-5.10358326099993,0],[119.475575294,-5.10374566799993,0],[119.476398009,-5.10393480099998,0],[119.47671357,-5.10405721699993,0],[119.476987563,-5.10405615999997,0],[119.477821719,-5.10398757599995,0],[119.477809159,-5.10405476999995,0],[119.478376782,-5.10410592199997,0],[119.478909619,-5.10433499799996,0],[119.478876481,-5.10493964699998,0],[119.478896192,-5.10545518199996,0],[119.478933369,-5.10589953799996,0],[119.478970401,-5.10630832799995,0],[119.478918089,-5.10653966399997,0],[119.478724338,-5.10687823399996,0],[119.478796224,-5.10712687699993,0],[119.478761994,-5.10744704399997,0],[119.478813098,-5.10752327299997,0],[119.478833324,-5.10755344599994,0],[119.478907723,-5.10774356699994,0],[119.478993038,-5.10796158299996,0],[119.47943151,-5.10908206099998,0],[119.478489675,-5.11013722499996,0],[119.478200193,-5.11040535999996,0],[119.478103824,-5.11052710599995,0],[119.476777104,-5.11177020799994,0],[119.474883135,-5.11345244399996,0],[119.474328106,-5.11391579899993,0],[119.474170833,-5.11411050499993,0],[119.474130402,-5.11416055699993,0],[119.474144338,-5.11416979699993,0],[119.474054634,-5.11427510699997,0],[119.474036327,-5.11429659899994,0],[119.473928523,-5.11442315999994,0],[119.473891035,-5.11446716999995,0],[119.47384131,-5.11452554599992,0],[119.473827563,-5.11454168399996,0],[119.473821591,-5.11454869499994,0],[119.473730258,-5.11465591799993,0],[119.473723263,-5.11466457799997,0],[119.473674098,-5.11472544399993,0],[119.473655316,-5.11474869699992,0],[119.47362799,-5.11478252699993,0],[119.473567403,-5.11485753499994,0],[119.473542158,-5.11488878899996,0],[119.473399272,-5.11506568299995,0],[119.473392483,-5.11507408799997,0],[119.473387529,-5.11508022099997,0],[119.473364313,-5.11510896299995,0],[119.4733468,-5.11514046399998,0],[119.473281884,-5.11525722999994,0],[119.473220328,-5.11536795199993,0],[119.473195446,-5.11541270799995,0],[119.473145629,-5.11550231399997,0],[119.47313132,-5.11552805199995,0],[119.473074482,-5.11563028699993,0],[119.473072317,-5.11563418199995,0],[119.473067704,-5.11564286899994,0],[119.473018428,-5.11573567499994,0],[119.472934649,-5.11589345999994,0],[119.472890492,-5.11593808299995,0],[119.472883982,-5.11594466199995,0],[119.472875035,-5.11595370399993,0],[119.472383682,-5.11689685399995,0],[119.472183234,-5.11670406399998,0],[119.472160731,-5.11673364299998,0],[119.471835594,-5.11670882299995,0],[119.471336749,-5.11691703799994,0],[119.470985132,-5.11719835499997,0],[119.47063408,-5.11762702899995,0],[119.470507813,-5.11794709999998,0],[119.4705317,-5.11793069399994,0],[119.470520705,-5.11871785199997,0],[119.470567961,-5.11954282599993,0],[119.470615322,-5.12039726499995,0],[119.470587969,-5.12052301099993,0],[119.470484086,-5.12066300799995,0],[119.470220586,-5.12092925399998,0],[119.469853878,-5.12110748499992,0],[119.46928098,-5.12116863499995,0],[119.46869304,-5.12114143899993,0],[119.468221765,-5.12087802899993,0],[119.467735177,-5.12045258499995,0],[119.467188556,-5.11970321399997,0],[119.466862997,-5.11911506499996,0],[119.466713442,-5.11843783299997,0],[119.466725989,-5.11787785399997,0],[119.466808394,-5.11709621299997,0],[119.466888001,-5.11691599899996,0],[119.466986998,-5.11671200299998,0],[119.467078999,-5.11650799799997,0],[119.467091954,-5.11647562699994,0],[119.467467612,-5.11582683999995,0],[119.467684992,-5.11503030799997,0],[119.467785827,-5.11449946299996,0],[119.467695507,-5.11393988099996,0],[119.467516852,-5.11333643199993,0],[119.467103011,-5.11271915599997,0],[119.466660735,-5.11235248499997,0],[119.466160084,-5.11208918299997,0],[119.465483638,-5.11197390899997,0],[119.464734404,-5.11203572899996,0],[119.464381939,-5.11209602299994,0],[119.464357764,-5.11211046899996,0],[119.464164997,-5.11214099999995,0],[119.463950997,-5.11220600399997,0],[119.463745,-5.11229399799993,0],[119.463538999,-5.11239499699997,0],[119.463348,-5.11250400199998,0],[119.463149997,-5.11262000099993,0],[119.462958999,-5.11274099899993,0],[119.462776,-5.11287000099998,0],[119.462600999,-5.11300899599996,0],[119.462433002,-5.11315499599993,0],[119.462272996,-5.11331200099994,0],[119.462119996,-5.11348099999998,0],[119.46199,-5.11366200299994,0],[119.461868001,-5.11385499799997,0],[119.461777004,-5.11405800399996,0],[119.461684998,-5.11426600399994,0],[119.461608998,-5.11447800099995,0],[119.461540001,-5.11469200399995,0],[119.461471996,-5.11490600399998,0],[119.461402999,-5.11511999799995,0],[119.461326003,-5.11533300199994,0],[119.461250004,-5.11554300099993,0],[119.461159003,-5.11575200099998,0],[119.461066998,-5.11595800299995,0],[119.460975002,-5.11616399699994,0],[119.460883998,-5.11637000399998,0],[119.460792999,-5.11657499999995,0],[119.460708997,-5.11678299599993,0],[119.460624999,-5.11699199599997,0],[119.460556002,-5.11720599999995,0],[119.460495003,-5.11742299999997,0],[119.460402996,-5.11763099999996,0],[119.460281,-5.11781800199998,0],[119.460120999,-5.11797400399996,0],[119.459929998,-5.11809699999998,0],[119.459732004,-5.11820199899995,0],[119.459525998,-5.11829300299996,0],[119.45932,-5.11837200299993,0],[119.459099,-5.11843399599996,0],[119.458876998,-5.11847900099997,0],[119.458655999,-5.11849900199996,0],[119.458435002,-5.11849799799995,0],[119.458206003,-5.11847900299995,0],[119.457985004,-5.11844699699998,0],[119.457764,-5.11840399999994,0],[119.457543002,-5.11835800299997,0],[119.457328999,-5.11830500099995,0],[119.457107996,-5.11824599799996,0],[119.456894,-5.11817800099993,0],[119.456687998,-5.11809799799994,0],[119.456481999,-5.11800700399994,0],[119.456283998,-5.11789999899997,0],[119.456093001,-5.11777900399994,0],[119.455910001,-5.11764400399994,0],[119.455741999,-5.11749900399997,0],[119.455582001,-5.11734199799997,0],[119.455429004,-5.11717700199995,0],[119.455284,-5.11700199699993,0],[119.455153997,-5.11681800399998,0],[119.455040002,-5.11662399899996,0],[119.454941004,-5.11642199999994,0],[119.454857,-5.11621399699993,0],[119.454772998,-5.11600399599996,0],[119.454696996,-5.11579299799996,0],[119.454627997,-5.11557899899998,0],[119.454574997,-5.11536000299998,0],[119.454536998,-5.11513899799996,0],[119.454482998,-5.11491799999993,0],[119.454399004,-5.11470999599993,0],[119.454216004,-5.11457700199998,0],[119.454010004,-5.11449000099998,0],[119.453789002,-5.11443800099994,0],[119.453567,-5.11440500199996,0],[119.453345997,-5.11438100199996,0],[119.453125003,-5.11436899599994,0],[119.452896003,-5.11437299999994,0],[119.452674996,-5.11440500199996,0],[119.452460996,-5.11447300299994,0],[119.452255,-5.11457200299998,0],[119.452063999,-5.11468600299997,0],[119.451866001,-5.11479499599994,0],[119.451667996,-5.11490199999997,0],[119.451468996,-5.11500599799996,0],[119.451270996,-5.11511199899996,0],[119.451073003,-5.11521999699994,0],[119.450882,-5.11532899899993,0],[119.450682999,-5.11544199899993,0],[119.450493002,-5.11556199599994,0],[119.450310003,-5.11569000199995,0],[119.45019653,-5.11577246699994,0],[119.450126997,-5.11582299799994,0],[119.449944002,-5.11595199799996,0],[119.449752999,-5.11607300199995,0],[119.449554003,-5.11617800299996,0],[119.449341003,-5.11625599699994,0],[119.449127,-5.11630699699998,0],[119.448898001,-5.11633299899995,0],[119.448677003,-5.11633699899994,0],[119.448456003,-5.11632600299993,0],[119.448226999,-5.11630799799997,0],[119.448005999,-5.11628300199993,0],[119.447784002,-5.11625399699994,0],[119.447563,-5.11622599999993,0],[119.447334,-5.11620200099998,0],[119.447112998,-5.11618599799993,0],[119.446892002,-5.11616900099995,0],[119.446663,-5.11613499599997,0],[119.446449003,-5.11607399999997,0],[119.446250998,-5.11597300199998,0],[119.446060002,-5.11584700399993,0],[119.445891996,-5.11570300299996,0],[119.445724002,-5.11555000099997,0],[119.445564003,-5.11538999899994,0],[119.445411999,-5.11522500399997,0],[119.445266999,-5.11505500299995,0],[119.445125152,-5.11488478999996,0],[119.445122001,-5.11488099699994,0],[119.445091687,-5.11483855999995,0],[119.444992,-5.11469899799994,0],[119.444861998,-5.11451200099998,0],[119.444747996,-5.11431999899997,0],[119.444626001,-5.11412900299996,0],[119.444511002,-5.11393799899997,0],[119.444381997,-5.11375000399994,0],[119.444260003,-5.11356600399995,0],[119.444121998,-5.11338399899995,0],[119.443991997,-5.11320199899995,0],[119.443855004,-5.11302299999994,0],[119.443717999,-5.11284299799996,0],[119.443632235,-5.11273094099994,0],[119.443605185,-5.11269559599998,0],[119.443580997,-5.11266399899995,0],[119.443577054,-5.11265885399996,0],[119.443443,-5.11248399999994,0],[119.443313999,-5.11230400399995,0],[119.443175998,-5.11212300199998,0],[119.443046004,-5.11193999899996,0],[119.443017266,-5.11189901299997,0],[119.442979923,-5.11184575399994,0],[119.442916997,-5.11175599799998,0],[119.442786997,-5.11157399799993,0],[119.442649997,-5.11139300099995,0],[119.442519996,-5.11121299799993,0],[119.442383001,-5.11103300399998,0],[119.442253001,-5.11085100399993,0],[119.442122997,-5.11066300299996,0],[119.442015999,-5.11046799899998,0],[119.441916997,-5.11026399799994,0],[119.441849003,-5.11005000099993,0],[119.441811002,-5.10982700399995,0],[119.441802996,-5.10960299799996,0],[119.441818,-5.10937800099993,0],[119.441848997,-5.10915599799995,0],[119.441902001,-5.10893700299994,0],[119.441971002,-5.10872200399996,0],[119.442062998,-5.10851400499996,0],[119.442168998,-5.10831699599993,0],[119.442298998,-5.10813300299998,0],[119.442444004,-5.10795999699997,0],[119.442566663,-5.10781787899998,0],[119.443017266,-5.10752308999997,0],[119.443171002,-5.10742251399995,0],[119.443495502,-5.10721022099995,0],[119.444129544,-5.10692265199998,0],[119.444422839,-5.10678962799994,0],[119.444478424,-5.10676441499993,0],[119.446517792,-5.10588726299994,0],[119.447981792,-5.10503964299994,0],[119.448173519,-5.10492863099995,0],[119.448471212,-5.10475626499993,0],[119.448572784,-5.10456657299994,0],[119.44860292,-5.10451029299998,0],[119.44899074,-5.10378601699995,0],[119.449696675,-5.10246764399994,0],[119.449946729,-5.10200065499993,0],[119.449887958,-5.09685254399994,0],[119.44994256,-5.09677184299994,0],[119.449966778,-5.09673604899996,0],[119.449868216,-5.09653076299998,0],[119.449862948,-5.09639925499994,0],[119.449895085,-5.09606911799995,0],[119.449953848,-5.09584170899996,0],[119.449979566,-5.09570529999996,0],[119.450021951,-5.09556165399994,0],[119.450066992,-5.09548973999995,0],[119.450066639,-5.09539647599996,0],[119.450066258,-5.09529603799996,0],[119.449999181,-5.09521737699993,0],[119.449913097,-5.09515791899997,0],[119.449815035,-5.09508415899995,0],[119.449805041,-5.09496462599998,0],[119.449845051,-5.09482338099997,0],[119.449908746,-5.09463899799994,0],[119.449958413,-5.09452880499992,0],[119.449991004,-5.09431823599994,0],[119.450064629,-5.09423664699995,0],[119.450202192,-5.09403524399994,0],[119.450335294,-5.09391516599993,0],[119.450434953,-5.09378086699996,0],[119.450570123,-5.09357708199997,0],[119.450593538,-5.09346220399993,0],[119.45063547,-5.09319898899997,0],[119.45057085,-5.09313944999997,0],[119.450465715,-5.09308723999993,0],[119.45031269,-5.09298499199997,0],[119.450374155,-5.09284127199993,0],[119.450509379,-5.09265183599996,0],[119.450551682,-5.09248666699995,0],[119.450545852,-5.09220689399996,0],[119.45045275,-5.09170066699994,0],[119.450276527,-5.09051041299995,0],[119.450156274,-5.08992975699994,0],[119.450173632,-5.08978979299997,0],[119.450173455,-5.08974316199993,0],[119.449994166,-5.08963264299996,0],[119.449853455,-5.08931751099993,0],[119.449733637,-5.08885164099996,0],[119.449669272,-5.08885905999995,0],[119.449590543,-5.08885218599994,0],[119.449507992,-5.08878075699994,0],[119.449407216,-5.08861971999994,0],[119.449342227,-5.08846213299995,0],[119.449277427,-5.08835476599995,0],[119.449262874,-5.08829025399996,0],[119.449266153,-5.08821132399993,0],[119.449233685,-5.08813970499995,0],[119.449165539,-5.08809333199997,0],[119.448907237,-5.08790060899997,0],[119.44872776,-5.08773987099994,0],[119.448479824,-5.08745025699994,0],[119.448403818,-5.08721738199995,0],[119.448403371,-5.08709900799994,0],[119.448395443,-5.08689457199995,0],[119.448466609,-5.08679386199998,0],[119.448558997,-5.08662850299993,0],[119.448680287,-5.08653836399998,0],[119.44882315,-5.08647683899994,0],[119.448962544,-5.08644402499993,0],[119.449091423,-5.08646864499997,0],[119.449230777,-5.08642506999996,0],[119.449477233,-5.08632369299994,0],[119.449569945,-5.08624442399997,0],[119.449673471,-5.08618663599998,0],[119.449819911,-5.08612509799997,0],[119.450002666,-5.08620690699996,0],[119.450066305,-5.08624944599995,0],[119.450177379,-5.08632369299994,0],[119.45022144,-5.08635314599996,0],[119.45041165,-5.08642484599994,0],[119.450597386,-5.08643780699992,0],[119.450883464,-5.08640802199994,0],[119.451276685,-5.08633119599995,0],[119.451426553,-5.08623018599997,0],[119.451707791,-5.08586681699995,0],[119.451885965,-5.08568319499994,0],[119.452128394,-5.08546345899993,0],[119.452324536,-5.08530129199994,0],[119.452681725,-5.08515644699997,0],[119.452809354,-5.08512301999997,0],[119.452931893,-5.08509092699995,0],[119.452964913,-5.08510473799993,0],[119.45335053,-5.08502513299993,0],[119.453582415,-5.08501681199994,0],[119.45360177,-5.08501311499998,0],[119.453830853,-5.08496935399995,0],[119.454051424,-5.08491270199994,0],[119.454301535,-5.08481873499994,0],[119.454324732,-5.08481007999995,0],[119.454564009,-5.08472080799993,0],[119.454588706,-5.08471159399994,0],[119.454822067,-5.08460280499997,0],[119.454940541,-5.08456217599996,0],[119.455101861,-5.08450685399993,0],[119.455359448,-5.08442587399998,0],[119.455654236,-5.08436893799995,0],[119.455915584,-5.08430282999996,0],[119.456180469,-5.08419019699994,0],[119.45645823,-5.08404775099996,0],[119.456569379,-5.08400267699994,0],[119.456596906,-5.08401825599998,0],[119.456703251,-5.08407844199996,0],[119.45670964,-5.08429422599994,0],[119.456791705,-5.08440925199994,0],[119.456929015,-5.08441245199998,0],[119.457093995,-5.08437461199998,0],[119.457260607,-5.08427723899996,0],[119.457300907,-5.08413941299995,0],[119.457318742,-5.08412347099994,0],[119.457352642,-5.08409316999996,0],[119.457397056,-5.08405347199994,0],[119.45750114,-5.08410144799996,0],[119.457509207,-5.08427256699997,0],[119.457509464,-5.08434036199998,0],[119.457509664,-5.08439315699997,0],[119.457509983,-5.08447721099998,0],[119.457531011,-5.08464084199994,0],[119.45756471,-5.08472071199998,0],[119.457640756,-5.08471484599994,0],[119.457790723,-5.08463055099998,0],[119.457973921,-5.08450520499997,0],[119.458088502,-5.08438570499993,0],[119.458096927,-5.08427756199995,0],[119.458097346,-5.08427218599996,0],[119.458094889,-5.08411405999993,0],[119.458094816,-5.08411207399996,0],[119.458088686,-5.08394479599997,0],[119.458082459,-5.08377179799993,0],[119.458110961,-5.08372457199994,0],[119.458169113,-5.08362821899993,0],[119.458229863,-5.08358275899997,0],[119.458290638,-5.08353728099996,0],[119.458320471,-5.08351495699998,0],[119.458361525,-5.08348423599995,0],[119.458585553,-5.08336059599998,0],[119.458601058,-5.08334777599993,0],[119.458664398,-5.08329540299997,0],[119.458694168,-5.08327078799994,0],[119.45869975,-5.08326617199998,0],[119.45871623,-5.08325254599993,0],[119.458727965,-5.08324284299994,0],[119.458728654,-5.08322949899997,0],[119.458729633,-5.08321055099998,0],[119.458733154,-5.08314236199993,0],[119.458677029,-5.08301978999998,0],[119.45860596,-5.08287123599996,0],[119.458611155,-5.08277446899996,0],[119.458657362,-5.08272778199995,0],[119.458802316,-5.08279048799994,0],[119.458867426,-5.08286018799993,0],[119.458901235,-5.08289637999997,0],[119.458925267,-5.08292210599996,0],[119.459038887,-5.08303887199997,0],[119.459091654,-5.08307348499994,0],[119.45921372,-5.08315355299993,0],[119.459360708,-5.08326275299993,0],[119.459410487,-5.08328945399995,0],[119.459570786,-5.08337543699997,0],[119.459823566,-5.08349353499995,0],[119.460081674,-5.08355022299997,0],[119.460339554,-5.08354923799993,0],[119.460600966,-5.08349801399993,0],[119.460650211,-5.08349591199993,0],[119.460726597,-5.08349265199996,0],[119.46084026,-5.08348779999994,0],[119.460908617,-5.08349864799993,0],[119.460922811,-5.08350089999993,0],[119.460938013,-5.08350331199995,0],[119.460967936,-5.08350805999993,0],[119.46097764,-5.08350959999996,0],[119.461111505,-5.08358350199995,0],[119.461120729,-5.08358709499993,0],[119.461267583,-5.08364429399995,0],[119.461297259,-5.08364299199997,0],[119.461360338,-5.08364022499995,0],[119.461462482,-5.08358550199995,0],[119.461506589,-5.08348348999994,0],[119.461528387,-5.08343307499996,0],[119.461527794,-5.08327680499997,0],[119.461525289,-5.08322373899995,0],[119.461524386,-5.08320461099993,0],[119.461517697,-5.08306289699993,0],[119.461514881,-5.08297899799993,0],[119.461512534,-5.08290905099994,0],[119.461509332,-5.08281364299995,0],[119.461512106,-5.08278389499998,0],[119.46152894,-5.08260334599993,0],[119.461656374,-5.08244843899996,0],[119.461845367,-5.08238260499996,0],[119.461905402,-5.08238118599996,0],[119.461907305,-5.08238114099993,0],[119.462032737,-5.08237817499997,0],[119.462203448,-5.08238309999996,0],[119.462409078,-5.08236168499997,0],[119.462444542,-5.08235799199997,0],[119.46255101,-5.08231251799998,0],[119.462668675,-5.08226226099993,0],[119.462805501,-5.08214081399996,0],[119.462806421,-5.08213950399994,0],[119.462956395,-5.08229752099993,0],[119.462976869,-5.08229858099998,0],[119.463710134,-5.08317963299993,0],[119.46380104,-5.08309322599996,0],[119.464017851,-5.08323407199993,0],[119.464190759,-5.08323341099998,0],[119.464525775,-5.08311326999996,0],[119.464796749,-5.08317363899994,0],[119.466347545,-5.08384916199998,0],[119.46630726,-5.08423717199997,0],[119.467453559,-5.08299960899996,0],[119.467355972,-5.08267981699993,0],[119.467631118,-5.08232983399995,0],[119.467988968,-5.08256149599993,0],[119.468437495,-5.08286594099997,0],[119.469354631,-5.08348846399997,0],[119.470285416,-5.08413505599998,0],[119.470586778,-5.08430480499993,0],[119.470913272,-5.08448894599996,0],[119.47131185,-5.08471373599997,0],[119.471391748,-5.08475878299993,0],[119.471392236,-5.08475904399995,0],[119.474277414,-5.08584574599996,0],[119.47413195,-5.08631031899995,0],[119.474182256,-5.08674903199994,0],[119.47428008,-5.08689495799996,0],[119.474280919,-5.08711440399998,0],[119.47423462,-5.08772416599993,0],[119.474382293,-5.08818688099996,0],[119.474772297,-5.08842921499996,0],[119.475089439,-5.08869621499997,0],[119.47511469,-5.08893995099993,0],[119.475166861,-5.08986632299997,0],[119.475167686,-5.09008197299994,0],[119.474693003,-5.09157834299998,0],[119.474476131,-5.09218359099998,0],[119.474901439,-5.09234679499997,0],[119.474951692,-5.09248365999997,0]]]]}},{"type":"Feature","properties":{"fid":41655,"ori_name":"Tamalanrea","kode_kec":"73.71.14","kode_kd":"73.71.14.1001","kode_kk":"73.71","kode_prov":"73","tipe_kd":2,"kecamatan":"Tamalanrea","kel_desa":"Tamalanrea","kab_kota":"Kota Makassar","provinsi":"Sulawesi Selatan","jenis_kd":"Kelurahan","nama":"Kelurahan Tamalanrea","label":"Kelurahan Tamalanrea, Kecamatan Tamalanrea, Kota Makassar, Provinsi Sulawesi Selatan, 73.71.14.1001"},"geometry":{"type":"MultiPolygon","coordinates":[[[[119.506560279,-5.12387335999995,0],[119.507273705,-5.12391824699995,0],[119.507564285,-5.12401409399996,0],[119.507882556,-5.12444490799993,0],[119.508705117,-5.12564969099998,0],[119.509077018,-5.12630072899998,0],[119.50967859,-5.12721538899996,0],[119.509970515,-5.12765512499993,0],[119.509040693,-5.12825836599995,0],[119.508751101,-5.12841821999996,0],[119.508786593,-5.12849744299996,0],[119.508598918,-5.12861694899993,0],[119.508758539,-5.12884300399998,0],[119.508832181,-5.12891168299996,0],[119.508832321,-5.12894749099996,0],[119.508832333,-5.12895059099998,0],[119.508833077,-5.12914093799998,0],[119.50851062,-5.12989169799994,0],[119.508084738,-5.13118073499993,0],[119.507963692,-5.13171026799995,0],[119.508034356,-5.13178934399997,0],[119.507824707,-5.13215168799996,0],[119.50760551,-5.13232008599994,0],[119.507579884,-5.13251416999998,0],[119.507747459,-5.13263696099995,0],[119.507478492,-5.13357267399994,0],[119.507540428,-5.13366942699997,0],[119.508061585,-5.13373795499996,0],[119.508191538,-5.13375504299995,0],[119.508402808,-5.13380712099996,0],[119.508411557,-5.13380653099995,0],[119.508417293,-5.13380787399996,0],[119.508427614,-5.13559150599997,0],[119.507798336,-5.13622940399995,0],[119.506983533,-5.13706795899998,0],[119.506260284,-5.13779819299998,0],[119.50619065,-5.13784466799996,0],[119.505375582,-5.13786625099993,0],[119.505369754,-5.13771660799995,0],[119.504407983,-5.13772523999995,0],[119.504329227,-5.13772594699998,0],[119.504315618,-5.13757767499993,0],[119.504312263,-5.13754112299995,0],[119.504284922,-5.13750034999993,0],[119.504267007,-5.13747363399995,0],[119.504205108,-5.13738132599997,0],[119.50403957,-5.13733224299995,0],[119.504027349,-5.13732861899996,0],[119.503627629,-5.13726788899993,0],[119.503263137,-5.13713580099994,0],[119.502933918,-5.13694127499997,0],[119.502916612,-5.13705705699994,0],[119.502836685,-5.13704846799993,0],[119.502507387,-5.13683613699993,0],[119.502382242,-5.13661410199995,0],[119.502292837,-5.13645424499992,0],[119.501945513,-5.13617077299995,0],[119.501794425,-5.13612686199997,0],[119.501776876,-5.13618033699993,0],[119.50171502,-5.13625178999996,0],[119.501323927,-5.13612870699995,0],[119.5007373,-5.13594409099994,0],[119.500719924,-5.13604206899993,0],[119.500737821,-5.13607759899998,0],[119.500712017,-5.13629132399996,0],[119.500703937,-5.13649607699995,0],[119.500686986,-5.13670086399998,0],[119.500518697,-5.13679943299996,0],[119.500539231,-5.13751142399997,0],[119.500436313,-5.13843752299994,0],[119.500321426,-5.13857148399995,0],[119.500243166,-5.13899013499997,0],[119.500207789,-5.13902587499996,0],[119.499853494,-5.13923198499998,0],[119.499747763,-5.13943712099996,0],[119.499615405,-5.13964236099997,0],[119.49932901,-5.13973427999997,0],[119.499316923,-5.13971845699996,0],[119.499021354,-5.13983161499993,0],[119.4988609,-5.13966312399998,0],[119.498622038,-5.13987768399994,0],[119.498711339,-5.14001084399996,0],[119.498534134,-5.14010055499995,0],[119.498374618,-5.14017238199995,0],[119.498133578,-5.13982619199993,0],[119.497764002,-5.14019186599995,0],[119.497130368,-5.13981231799994,0],[119.497129467,-5.13958090199998,0],[119.497093465,-5.13945642599998,0],[119.496754637,-5.13907501699993,0],[119.497170142,-5.13862833699994,0],[119.496688542,-5.13806057099993,0],[119.497440514,-5.13739005599996,0],[119.497325054,-5.13722648499993,0],[119.497002451,-5.13687917699997,0],[119.496851838,-5.13662385299995,0],[119.496761073,-5.13637382699994,0],[119.496257813,-5.13571524799994,0],[119.496207233,-5.13576351999995,0],[119.495571766,-5.13521038899995,0],[119.49502625,-5.13472336299998,0],[119.493866228,-5.13393127099994,0],[119.494026198,-5.13376962299998,0],[119.494212957,-5.13354313099995,0],[119.494501372,-5.13342822299995,0],[119.494697495,-5.13345848399996,0],[119.49489246,-5.13318878499996,0],[119.495262956,-5.13295978399998,0],[119.495231688,-5.13287715399997,0],[119.495148955,-5.13282576099994,0],[119.495076461,-5.13275364099997,0],[119.495117004,-5.13256729799997,0],[119.495054622,-5.13244341199993,0],[119.495053938,-5.13226757899997,0],[119.495248693,-5.13194616399994,0],[119.495411909,-5.13146971599997,0],[119.495534251,-5.13109686899998,0],[119.495513176,-5.13098317099997,0],[119.495399256,-5.13086983499994,0],[119.495264059,-5.13059108699997,0],[119.495139626,-5.13042607599994,0],[119.494963887,-5.13033367099996,0],[119.494809634,-5.13045840199993,0],[119.494695393,-5.13026231499992,0],[119.495371949,-5.12915290399997,0],[119.494328982,-5.12888804899995,0],[119.49413262,-5.12879572299994,0],[119.494080149,-5.12856836699996,0],[119.493997425,-5.12851697399998,0],[119.493739484,-5.12850763199998,0],[119.493563906,-5.12845660099993,0],[119.493563143,-5.12826007999996,0],[119.493707205,-5.12816642499996,0],[119.493830481,-5.12803147499994,0],[119.493840151,-5.12786594099992,0],[119.493808563,-5.12770055799996,0],[119.493600836,-5.12733934799996,0],[119.493559168,-5.12723606899993,0],[119.493579199,-5.12708084299993,0],[119.494012475,-5.12707915199996,0],[119.494290767,-5.12701600199995,0],[119.494279723,-5.12682985999993,0],[119.494083402,-5.12674787299994,0],[119.49382494,-5.12660407299995,0],[119.493689184,-5.12618051699997,0],[119.493884301,-5.12595219499997,0],[119.493914693,-5.12580726799996,0],[119.493759267,-5.12563202899997,0],[119.493707087,-5.12547707499994,0],[119.493613722,-5.12534297999997,0],[119.493448626,-5.12533327499995,0],[119.493303633,-5.12518903199998,0],[119.493210027,-5.12499287299994,0],[119.49338432,-5.12471290599996,0],[119.493110648,-5.12445425499993,0],[119.493268285,-5.12441407999995,0],[119.493292562,-5.12443339899994,0],[119.493311121,-5.12442365599998,0],[119.493388001,-5.12442335599997,0],[119.493443887,-5.12441613399994,0],[119.493506497,-5.12433879499997,0],[119.493694715,-5.12421191599998,0],[119.493820278,-5.12414835799996,0],[119.493953162,-5.12416886299997,0],[119.494099719,-5.12411222799994,0],[119.494169668,-5.12412597299993,0],[119.494302298,-5.12408340099995,0],[119.494406922,-5.12402692999996,0],[119.494441679,-5.12397773499993,0],[119.494476245,-5.12387949199996,0],[119.494546004,-5.12384417899995,0],[119.494594714,-5.12378792599998,0],[119.494699501,-5.12377349899998,0],[119.494818259,-5.12375901699994,0],[119.49492291,-5.12370955899996,0],[119.495062372,-5.12362491599993,0],[119.495222664,-5.12350514999997,0],[119.495460653,-5.12359532599993,0],[119.497337252,-5.12447802399993,0],[119.497883123,-5.12465809899993,0],[119.498022966,-5.12467157099996,0],[119.498380022,-5.12482434699996,0],[119.498926275,-5.12510253699998,0],[119.498870579,-5.12515881799993,0],[119.498975856,-5.12527053199994,0],[119.499291007,-5.12543048499998,0],[119.499395657,-5.12538102599996,0],[119.499549798,-5.12547853199993,0],[119.499725161,-5.12563903099993,0],[119.499879011,-5.12565945199998,0],[119.500101629,-5.12539227499997,0],[119.500445059,-5.12563621499993,0],[119.500431242,-5.12567832299993,0],[119.500431569,-5.12576241199997,0],[119.500480606,-5.12579025599996,0],[119.500592433,-5.12578981899998,0],[119.500732494,-5.12585935199996,0],[119.500851725,-5.12596400699994,0],[119.500894094,-5.12607596699996,0],[119.501002474,-5.12617864899994,0],[119.501161388,-5.12621244399998,0],[119.502283045,-5.12692287299996,0],[119.504610838,-5.12545872199996,0],[119.50626155,-5.12417524299997,0],[119.506560279,-5.12387335999995,0]]]]}},{"type":"Feature","properties":{"fid":41656,"ori_name":"Tamalanrea Indah","kode_kec":"73.71.14","kode_kd":"73.71.14.1003","kode_kk":"73.71","kode_prov":"73","tipe_kd":2,"kecamatan":"Tamalanrea","kel_desa":"Tamalanrea Indah","kab_kota":"Kota Makassar","provinsi":"Sulawesi Selatan","jenis_kd":"Kelurahan","nama":"Kelurahan Tamalanrea Indah","label":"Kelurahan Tamalanrea Indah, Kecamatan Tamalanrea, Kota Makassar, Provinsi Sulawesi Selatan, 73.71.14.1003"},"geometry":{"type":"MultiPolygon","coordinates":[[[[119.490009099,-5.12267437899993,0],[119.490028646,-5.12267479299993,0],[119.490864797,-5.12269249399998,0],[119.490867873,-5.12269534799998,0],[119.4909238,-5.12301056899997,0],[119.490828851,-5.12321666499997,0],[119.49070665,-5.12345029699998,0],[119.490611648,-5.12364268199997,0],[119.49061202,-5.12373868399993,0],[119.49117395,-5.12402451199995,0],[119.491160851,-5.12417542799994,0],[119.49094301,-5.12443686399996,0],[119.490847955,-5.12461552899993,0],[119.490999107,-5.12479323499997,0],[119.491149994,-5.12490236099995,0],[119.491287047,-5.12497040799997,0],[119.491423666,-5.12492872499996,0],[119.491488553,-5.12488770999994,0],[119.49148989,-5.12490719999994,0],[119.491874687,-5.12483096399995,0],[119.492038238,-5.12467946299995,0],[119.492147402,-5.12461046499993,0],[119.492297597,-5.12454129799994,0],[119.492461583,-5.12449951799994,0],[119.492776552,-5.12459429199993,0],[119.492899602,-5.12458010199992,0],[119.492981462,-5.12452492099993,0],[119.493049647,-5.12446979399994,0],[119.493110648,-5.12445425499993,0],[119.49338432,-5.12471290599996,0],[119.493210027,-5.12499287299994,0],[119.493303633,-5.12518903199998,0],[119.493448626,-5.12533327499995,0],[119.493613722,-5.12534297999997,0],[119.493707087,-5.12547707499994,0],[119.493759267,-5.12563202899997,0],[119.493914693,-5.12580726799996,0],[119.493884301,-5.12595219499997,0],[119.493689184,-5.12618051699997,0],[119.49382494,-5.12660407299995,0],[119.494083402,-5.12674787299994,0],[119.494279723,-5.12682985999993,0],[119.494290767,-5.12701600199995,0],[119.494012475,-5.12707915199996,0],[119.493579199,-5.12708084299993,0],[119.493559168,-5.12723606899993,0],[119.493600836,-5.12733934799996,0],[119.493808563,-5.12770055799996,0],[119.493840151,-5.12786594099992,0],[119.493830481,-5.12803147499994,0],[119.493707205,-5.12816642499996,0],[119.493563143,-5.12826007999996,0],[119.493563906,-5.12845660099993,0],[119.493739484,-5.12850763199998,0],[119.493997425,-5.12851697399998,0],[119.494080149,-5.12856836699996,0],[119.49413262,-5.12879572299994,0],[119.494328982,-5.12888804899995,0],[119.495371949,-5.12915290399997,0],[119.494695393,-5.13026231499992,0],[119.494809634,-5.13045840199993,0],[119.494963887,-5.13033367099996,0],[119.495139626,-5.13042607599994,0],[119.495264059,-5.13059108699997,0],[119.495399256,-5.13086983499994,0],[119.495513176,-5.13098317099997,0],[119.495534251,-5.13109686899998,0],[119.495411909,-5.13146971599997,0],[119.495248693,-5.13194616399994,0],[119.495053938,-5.13226757899997,0],[119.495054622,-5.13244341199993,0],[119.495117004,-5.13256729799997,0],[119.495076461,-5.13275364099997,0],[119.495148955,-5.13282576099994,0],[119.495231688,-5.13287715399997,0],[119.495262956,-5.13295978399998,0],[119.49489246,-5.13318878499996,0],[119.494697495,-5.13345848399996,0],[119.494501372,-5.13342822299995,0],[119.494212957,-5.13354313099995,0],[119.494026198,-5.13376962299998,0],[119.493866228,-5.13393127099994,0],[119.49502625,-5.13472336299998,0],[119.495571766,-5.13521038899995,0],[119.496207233,-5.13576351999995,0],[119.495409612,-5.13652475499993,0],[119.494076212,-5.13774587399996,0],[119.493020718,-5.13874228499998,0],[119.491964995,-5.13968279699998,0],[119.49174279,-5.13989330399994,0],[119.491437059,-5.14013209299998,0],[119.491214736,-5.14031464599998,0],[119.49093656,-5.14046947199995,0],[119.490630286,-5.14056849699995,0],[119.490240369,-5.14066785899996,0],[119.489683138,-5.14075389099997,0],[119.488861331,-5.14091083099993,0],[119.487927854,-5.14102628599994,0],[119.486478797,-5.14118567999998,0],[119.485726577,-5.14131439799996,0],[119.484681581,-5.14143027599994,0],[119.48372011,-5.14151787999998,0],[119.482578195,-5.14159216299993,0],[119.482577379,-5.14159221599994,0],[119.482550119,-5.14159390999993,0],[119.482549836,-5.14159392799996,0],[119.482549465,-5.14159395099995,0],[119.482517321,-5.14159594899996,0],[119.482383808,-5.14160424699998,0],[119.482376787,-5.14160468299997,0],[119.482189055,-5.14161635099993,0],[119.482181672,-5.14161680999996,0],[119.481990155,-5.14162871199994,0],[119.481987127,-5.14162889999994,0],[119.481793696,-5.14164092199997,0],[119.481787823,-5.14164128699997,0],[119.481595293,-5.14165325299996,0],[119.481592517,-5.14165342599995,0],[119.481398907,-5.14166545899997,0],[119.481392833,-5.14166583699995,0],[119.481202212,-5.14167768399994,0],[119.481198098,-5.14167793999997,0],[119.481007341,-5.14168979599998,0],[119.481001269,-5.14169017299997,0],[119.480841601,-5.14170009699995,0],[119.480805772,-5.14170232399994,0],[119.480647156,-5.14171218199994,0],[119.480639781,-5.14171263999998,0],[119.480453779,-5.14172419999994,0],[119.480444094,-5.14172480199994,0],[119.480257854,-5.14173637699997,0],[119.480253356,-5.14173665699997,0],[119.480066171,-5.14174828899996,0],[119.480056147,-5.14174891199997,0],[119.479958665,-5.14175496999997,0],[119.47988326,-5.14175965799996,0],[119.479864838,-5.14176080199996,0],[119.479757019,-5.14176750399997,0],[119.479747959,-5.14176806599994,0],[119.479629289,-5.14177544299997,0],[119.479621943,-5.14177589999997,0],[119.479499574,-5.14178350499998,0],[119.479494593,-5.14178381499994,0],[119.47937599,-5.14179118799996,0],[119.479365722,-5.14179182599997,0],[119.479272553,-5.14179761799994,0],[119.479248462,-5.14179911499997,0],[119.479218814,-5.14180095899997,0],[119.479176697,-5.14180767999994,0],[119.479140149,-5.14181351199994,0],[119.479100059,-5.14181990899993,0],[119.479052585,-5.14182748399998,0],[119.479016774,-5.14183319799997,0],[119.478983295,-5.14183853999998,0],[119.478953026,-5.14184336999995,0],[119.478891924,-5.14185311999995,0],[119.478879813,-5.14185505299997,0],[119.478866062,-5.14185724699996,0],[119.478822063,-5.14186426799995,0],[119.478765591,-5.14187327899998,0],[119.478741542,-5.14187711599993,0],[119.478682018,-5.14188661399993,0],[119.478642176,-5.14189297099995,0],[119.478589898,-5.14190131299995,0],[119.478551376,-5.14190745999997,0],[119.478507976,-5.14191438499995,0],[119.478477136,-5.14191930599998,0],[119.478410825,-5.14192988699995,0],[119.478051189,-5.14200345499995,0],[119.477979354,-5.14200823599998,0],[119.477691523,-5.14214358999993,0],[119.477493159,-5.14227874199997,0],[119.477353128,-5.14236725499995,0],[119.475851642,-5.14339334399995,0],[119.474182126,-5.14455186999993,0],[119.474055774,-5.14464400799994,0],[119.473840865,-5.14479260999997,0],[119.473580185,-5.14445982799998,0],[119.473094775,-5.14370791799996,0],[119.472552258,-5.14285131199995,0],[119.471809866,-5.14184242099998,0],[119.471372045,-5.14076690399997,0],[119.471064302,-5.14018234999998,0],[119.471040507,-5.14003958199993,0],[119.470867996,-5.13980163599996,0],[119.470612204,-5.13941140499998,0],[119.470426606,-5.13919725299996,0],[119.469955473,-5.13879750399997,0],[119.469655661,-5.13852624499998,0],[119.469441509,-5.13846913799995,0],[119.469155974,-5.13811221899994,0],[119.468970376,-5.13782668399995,0],[119.468784778,-5.13714139899997,0],[119.468841885,-5.13667026599995,0],[119.469241635,-5.13618485599994,0],[119.469598554,-5.13597070399993,0],[119.470083964,-5.13565661499996,0],[119.47054082,-5.13541390999995,0],[119.471211828,-5.13505699099994,0],[119.472154095,-5.13444308999993,0],[119.472825103,-5.13391484999994,0],[119.473510388,-5.13318673499998,0],[119.474010075,-5.13280126199993,0],[119.474395547,-5.13251572699994,0],[119.475009448,-5.13234440499997,0],[119.475808947,-5.13211597699996,0],[119.47628008,-5.13195893299996,0],[119.476652867,-5.13174182299997,0],[119.476252012,-5.13153708999994,0],[119.475657201,-5.13142479199996,0],[119.474719261,-5.13125652099995,0],[119.474021226,-5.13105292799997,0],[119.471397797,-5.12952735199997,0],[119.470206237,-5.12879847999994,0],[119.470113339,-5.12878770399993,0],[119.469993001,-5.12872300299995,0],[119.469788,-5.12862999699996,0],[119.469582003,-5.12855199799998,0],[119.469368001,-5.12847899999997,0],[119.469113705,-5.12840805699994,0],[119.469111914,-5.12840412299994,0],[119.469028602,-5.12822085899995,0],[119.468959707,-5.12818607499997,0],[119.468563159,-5.12781344999996,0],[119.468493544,-5.12757945599998,0],[119.468451964,-5.12743972299995,0],[119.468432039,-5.12736595699994,0],[119.468362898,-5.12710992599995,0],[119.468361545,-5.12675778199997,0],[119.468383576,-5.12668739699996,0],[119.468460524,-5.12644165599994,0],[119.468480783,-5.12637697299994,0],[119.46851334,-5.12627299699994,0],[119.468621904,-5.12596444499997,0],[119.468718893,-5.12585291799996,0],[119.468735541,-5.12583378299996,0],[119.468780351,-5.12578225399994,0],[119.469734165,-5.12537944899998,0],[119.469792495,-5.12545191799995,0],[119.469793951,-5.12536623899996,0],[119.469794642,-5.12532551899994,0],[119.469836989,-5.12530871599995,0],[119.46992776,-5.12527269999993,0],[119.47009902,-5.12527203799993,0],[119.470112655,-5.12526893999996,0],[119.470443912,-5.12521035699996,0],[119.470705966,-5.12523852899994,0],[119.470958479,-5.12526567099997,0],[119.471058982,-5.12532273899996,0],[119.471338731,-5.12536478799996,0],[119.471392168,-5.12555481799996,0],[119.47152015,-5.12567608699993,0],[119.471635684,-5.12599654299993,0],[119.471844064,-5.12618791799997,0],[119.472222323,-5.12695697399994,0],[119.47227566,-5.12702014399997,0],[119.472704595,-5.12752814199996,0],[119.473093964,-5.12772146399993,0],[119.473410762,-5.12786906099996,0],[119.473655055,-5.12798288299996,0],[119.473952464,-5.12803904299994,0],[119.474444358,-5.12814028199995,0],[119.474830578,-5.12813878599997,0],[119.475532401,-5.12807974999993,0],[119.476454329,-5.12749092599995,0],[119.477422468,-5.12659771299997,0],[119.477576156,-5.12638604799997,0],[119.477691288,-5.12622747799998,0],[119.479017639,-5.12367683399998,0],[119.479160864,-5.12319511199996,0],[119.479271129,-5.12282422699997,0],[119.479641878,-5.12157726299995,0],[119.479617063,-5.12094858099994,0],[119.479988515,-5.12095348899993,0],[119.480071346,-5.12095458399995,0],[119.480144418,-5.12096252499992,0],[119.480144471,-5.12096212699993,0],[119.480364582,-5.12098643599995,0],[119.480427292,-5.12100014799995,0],[119.48044998,-5.12100716399993,0],[119.480516324,-5.12104142999993,0],[119.480760261,-5.12116741899996,0],[119.480805253,-5.12119817399997,0],[119.48094604,-5.12130206399996,0],[119.481069884,-5.12132505599993,0],[119.48114492,-5.12133980399994,0],[119.481278269,-5.12136375399996,0],[119.48129142,-5.12136370299993,0],[119.481430443,-5.12136316299996,0],[119.481433796,-5.12136314999998,0],[119.481590499,-5.12125113799993,0],[119.481619463,-5.12120721699995,0],[119.481634035,-5.12118510799996,0],[119.481637245,-5.12118309799996,0],[119.481645706,-5.12118464699995,0],[119.481649708,-5.12117529499994,0],[119.481679287,-5.12049398999994,0],[119.481773941,-5.11981081499994,0],[119.481881743,-5.11968510999998,0],[119.482042386,-5.11958512999996,0],[119.482178488,-5.11954734699998,0],[119.482314743,-5.11954681799995,0],[119.482488202,-5.11955856399993,0],[119.48263713,-5.11963250599996,0],[119.482682703,-5.11967372399994,0],[119.482770398,-5.11989501799997,0],[119.482618353,-5.12038437499996,0],[119.482443349,-5.12077587399995,0],[119.482444595,-5.12109878499996,0],[119.48244565,-5.12137202299994,0],[119.482632462,-5.12163211299998,0],[119.482955657,-5.12192892799993,0],[119.483303199,-5.12211387399998,0],[119.483662752,-5.12219941599994,0],[119.484046731,-5.12219792499997,0],[119.484257019,-5.12212258899996,0],[119.484504031,-5.12193533499993,0],[119.484683228,-5.12179446599993,0],[119.484724146,-5.12177643799993,0],[119.484978199,-5.12164784199996,0],[119.485023161,-5.12164766699993,0],[119.485246362,-5.12170890099998,0],[119.485668368,-5.12193081099997,0],[119.486028344,-5.12212813399998,0],[119.486239055,-5.12216457099993,0],[119.486523759,-5.12211378099994,0],[119.486783299,-5.12196374199993,0],[119.487116919,-5.12175130499998,0],[119.487284814,-5.12171101099995,0],[119.488136593,-5.12183217199993,0],[119.488654288,-5.12211792299996,0],[119.489263004,-5.12257507999993,0],[119.489573392,-5.12276016599998,0],[119.489734562,-5.12279680299997,0],[119.489846037,-5.12279636899996,0],[119.489932502,-5.12273393099997,0],[119.490009099,-5.12267437899993,0]]]]}},{"type":"Feature","properties":{"fid":41657,"ori_name":"Tamalanrea Jaya","kode_kec":"73.71.14","kode_kd":"73.71.14.1006","kode_kk":"73.71","kode_prov":"73","tipe_kd":2,"kecamatan":"Tamalanrea","kel_desa":"Tamalanrea Jaya","kab_kota":"Kota Makassar","provinsi":"Sulawesi Selatan","jenis_kd":"Kelurahan","nama":"Kelurahan Tamalanrea Jaya","label":"Kelurahan Tamalanrea Jaya, Kecamatan Tamalanrea, Kota Makassar, Provinsi Sulawesi Selatan, 73.71.14.1006"},"geometry":{"type":"MultiPolygon","coordinates":[[[[119.504312263,-5.13754112299995,0],[119.5043285,-5.13772601099993,0],[119.504328631,-5.13772749599997,0],[119.504332538,-5.13777198699995,0],[119.504355938,-5.13803844099994,0],[119.504395875,-5.13849319399998,0],[119.504470737,-5.13887699899993,0],[119.50447741,-5.13891120799997,0],[119.504535264,-5.13900410399998,0],[119.504593539,-5.13909767599995,0],[119.504638525,-5.13924881399993,0],[119.504657997,-5.13928267299997,0],[119.504745775,-5.13943530799997,0],[119.504852582,-5.13950609899996,0],[119.504596113,-5.13975632999995,0],[119.504650352,-5.14000534099995,0],[119.504873854,-5.14040500099998,0],[119.505070128,-5.14065345299997,0],[119.505320294,-5.14106190999996,0],[119.505622784,-5.14122983999994,0],[119.506005558,-5.14149536299993,0],[119.506193303,-5.14183285399997,0],[119.506531135,-5.14195614099998,0],[119.506709269,-5.14210675499993,0],[119.506665789,-5.14233834399994,0],[119.506861577,-5.14246218999995,0],[119.507110246,-5.14248790999994,0],[119.507287623,-5.14244270899997,0],[119.507509944,-5.14253974299993,0],[119.507758578,-5.14255656899996,0],[119.507971671,-5.14256463199996,0],[119.508140892,-5.14270637799996,0],[119.508364048,-5.14301702999995,0],[119.50841808,-5.14321263499994,0],[119.508188624,-5.14356066999994,0],[119.50805707,-5.14397062699993,0],[119.50837746,-5.14417408499997,0],[119.508378436,-5.14442330399993,0],[119.508254498,-5.14451280699996,0],[119.508077339,-5.14461141399994,0],[119.507935433,-5.14464757299993,0],[119.507820208,-5.14469252999993,0],[119.507704905,-5.14471969099998,0],[119.507714202,-5.14482646599993,0],[119.50767013,-5.14490674299998,0],[119.507776903,-5.14496863099993,0],[119.507848335,-5.14507516099997,0],[119.508008548,-5.14518134099995,0],[119.508239774,-5.14528724099995,0],[119.508363852,-5.14523334699993,0],[119.508550343,-5.14525040799998,0],[119.50863028,-5.14525899499995,0],[119.508843827,-5.14538276999997,0],[119.508879822,-5.14550723499997,0],[119.509110944,-5.14558643699996,0],[119.509261963,-5.14561253999995,0],[119.50938625,-5.14561204999995,0],[119.509563523,-5.14554014099997,0],[119.509723552,-5.14560181899998,0],[119.509786115,-5.14570838299994,0],[119.509813694,-5.14594859399995,0],[119.50977919,-5.14620685499995,0],[119.509850597,-5.14630449099997,0],[119.510073791,-5.14662403499995,0],[119.510086454,-5.14670083499993,0],[119.510094226,-5.14674797399994,0],[119.510106786,-5.14679925999997,0],[119.510110667,-5.14682575299997,0],[119.510132952,-5.14697787399996,0],[119.509879082,-5.14711801499993,0],[119.509689308,-5.14733454499998,0],[119.509689031,-5.14733486099993,0],[119.509354208,-5.14765861399997,0],[119.509184615,-5.14782259999993,0],[119.508891073,-5.14839920199995,0],[119.508705727,-5.14947506699997,0],[119.508705721,-5.14947511399993,0],[119.508603733,-5.15047383099994,0],[119.508603727,-5.15047387799996,0],[119.508574321,-5.15071511499997,0],[119.50854831,-5.15092849899997,0],[119.508548299,-5.15092854499994,0],[119.50845701,-5.15125469299994,0],[119.508433038,-5.15134033699997,0],[119.508433034,-5.15134038399998,0],[119.508414703,-5.15134598799995,0],[119.508112632,-5.15143834299994,0],[119.507683968,-5.15137018199994,0],[119.507662846,-5.15136682299993,0],[119.50760505,-5.15131204899996,0],[119.507459169,-5.15117379799995,0],[119.506998792,-5.15059924099995,0],[119.506522198,-5.14990096699995,0],[119.506481364,-5.14985387799993,0],[119.505972803,-5.14926741899995,0],[119.505696399,-5.14895865399996,0],[119.504976554,-5.14815452999994,0],[119.50464794,-5.14783485999993,0],[119.504215434,-5.14741412599994,0],[119.503242923,-5.14669882399994,0],[119.502804792,-5.14656390899995,0],[119.502282006,-5.14651848799997,0],[119.50208909,-5.14650172699993,0],[119.501998332,-5.14657967899996,0],[119.501460267,-5.14704182599996,0],[119.500795302,-5.14777140099994,0],[119.500218953,-5.14878496599994,0],[119.499838368,-5.14946821699994,0],[119.499127754,-5.15072406299993,0],[119.498914278,-5.15087028099992,0],[119.498344523,-5.15126052899996,0],[119.498242874,-5.15133015199996,0],[119.497406946,-5.15138476199996,0],[119.497370498,-5.15138226799996,0],[119.496966221,-5.15135459899994,0],[119.496967581,-5.15140294799994,0],[119.496680326,-5.15140407599995,0],[119.496067,-5.15140648399995,0],[119.495230268,-5.15131193799994,0],[119.493346365,-5.15114015499995,0],[119.493319898,-5.15113774599996,0],[119.493141056,-5.15111604199996,0],[119.493019357,-5.15110127099996,0],[119.492949075,-5.15112754899997,0],[119.492861822,-5.15112489999996,0],[119.49285985,-5.15112556699995,0],[119.492297099,-5.15124262899997,0],[119.492038089,-5.15129649799997,0],[119.491306086,-5.15155133899998,0],[119.491063654,-5.15163573799992,0],[119.490426074,-5.15175112999998,0],[119.490116437,-5.15180715799994,0],[119.48992443,-5.15181891399993,0],[119.489628678,-5.15183702299993,0],[119.489291384,-5.15172255099998,0],[119.489184999,-5.15168644499994,0],[119.489140149,-5.15167122399993,0],[119.488734711,-5.15136534199996,0],[119.48789287,-5.15071835999993,0],[119.487811948,-5.15065617699997,0],[119.486673674,-5.14985588099995,0],[119.486672003,-5.14985500199998,0],[119.486641867,-5.14984101999994,0],[119.486302389,-5.14959989799996,0],[119.485827744,-5.14942006799993,0],[119.485651447,-5.14940392799997,0],[119.485242079,-5.14936645499995,0],[119.484591328,-5.14941479199996,0],[119.484490002,-5.14940699899995,0],[119.484466516,-5.14940403599996,0],[119.484461664,-5.14940342299997,0],[119.484268001,-5.14937899799997,0],[119.484047001,-5.14934199999993,0],[119.483826,-5.14929299899995,0],[119.483683433,-5.14925302899996,0],[119.483680477,-5.14925074499996,0],[119.483486903,-5.14910099699995,0],[119.483188551,-5.14880418199994,0],[119.482909833,-5.14844933699993,0],[119.482901363,-5.14843855999993,0],[119.482361954,-5.14787909599994,0],[119.482127437,-5.14764102299995,0],[119.481799641,-5.14730825899994,0],[119.481321174,-5.14679564399995,0],[119.481202772,-5.14666879399994,0],[119.480835228,-5.14621179999995,0],[119.480605327,-5.14588034399998,0],[119.480421333,-5.14559454099998,0],[119.480122007,-5.14504559799997,0],[119.479616362,-5.14434847199993,0],[119.479156625,-5.14369700799995,0],[119.47909879,-5.14363685799998,0],[119.478904132,-5.14343439099997,0],[119.478743887,-5.14337771299995,0],[119.478549299,-5.14330970699996,0],[119.478340188,-5.14332549699998,0],[119.478235064,-5.14330742299995,0],[119.478207903,-5.14330275599997,0],[119.478194963,-5.14331108599993,0],[119.477921162,-5.14344967599993,0],[119.47765982,-5.14385181699993,0],[119.477455918,-5.14417256299993,0],[119.477353058,-5.14433435799998,0],[119.477092202,-5.14486256199996,0],[119.476977664,-5.14501871799996,0],[119.476603265,-5.14552917899994,0],[119.47590771,-5.14641846999996,0],[119.475890998,-5.14644199799994,0],[119.475754,-5.14661799899994,0],[119.475738515,-5.14663479799998,0],[119.47571733,-5.14665778299997,0],[119.475600998,-5.14678400299994,0],[119.475433004,-5.14693100299996,0],[119.475243002,-5.14705400099996,0],[119.475199107,-5.14707870199993,0],[119.475034047,-5.14713827299994,0],[119.475022543,-5.14714746399994,0],[119.474540913,-5.14723337399994,0],[119.47428918,-5.14716558999993,0],[119.473991275,-5.14698337999994,0],[119.473875997,-5.14673168899998,0],[119.47388632,-5.14644513599995,0],[119.473868255,-5.14639858699996,0],[119.473713129,-5.14599884199993,0],[119.473551688,-5.14563272499993,0],[119.473476422,-5.14550804499993,0],[119.47330847,-5.14522984099995,0],[119.473291477,-5.14520168999996,0],[119.473346695,-5.14516304499995,0],[119.473451638,-5.14508958999994,0],[119.473458247,-5.14508292099993,0],[119.473456059,-5.14508134799996,0],[119.473469507,-5.14507154299997,0],[119.473538954,-5.14500137199997,0],[119.473840865,-5.14479260999997,0],[119.474055774,-5.14464400799994,0],[119.474182126,-5.14455186999993,0],[119.475851642,-5.14339334399995,0],[119.477353128,-5.14236725499995,0],[119.477493159,-5.14227874199997,0],[119.477691523,-5.14214358999993,0],[119.477979354,-5.14200823599998,0],[119.478051189,-5.14200345499995,0],[119.478410825,-5.14192988699995,0],[119.478477136,-5.14191930599998,0],[119.478507976,-5.14191438499995,0],[119.478551376,-5.14190745999997,0],[119.478589898,-5.14190131299995,0],[119.478642176,-5.14189297099995,0],[119.478682018,-5.14188661399993,0],[119.478741542,-5.14187711599993,0],[119.478765591,-5.14187327899998,0],[119.478822063,-5.14186426799995,0],[119.478866062,-5.14185724699996,0],[119.478879813,-5.14185505299997,0],[119.478891924,-5.14185311999995,0],[119.478953026,-5.14184336999995,0],[119.478983295,-5.14183853999998,0],[119.479016774,-5.14183319799997,0],[119.479052585,-5.14182748399998,0],[119.479100059,-5.14181990899993,0],[119.479140149,-5.14181351199994,0],[119.479176697,-5.14180767999994,0],[119.479218814,-5.14180095899997,0],[119.479248462,-5.14179911499997,0],[119.479272553,-5.14179761799994,0],[119.479365722,-5.14179182599997,0],[119.47937599,-5.14179118799996,0],[119.479494593,-5.14178381499994,0],[119.479499574,-5.14178350499998,0],[119.479621943,-5.14177589999997,0],[119.479629289,-5.14177544299997,0],[119.479747959,-5.14176806599994,0],[119.479757019,-5.14176750399997,0],[119.479864838,-5.14176080199996,0],[119.47988326,-5.14175965799996,0],[119.479958665,-5.14175496999997,0],[119.480056147,-5.14174891199997,0],[119.480066171,-5.14174828899996,0],[119.480253356,-5.14173665699997,0],[119.480257854,-5.14173637699997,0],[119.480444094,-5.14172480199994,0],[119.480453779,-5.14172419999994,0],[119.480639781,-5.14171263999998,0],[119.480647156,-5.14171218199994,0],[119.480805772,-5.14170232399994,0],[119.480841601,-5.14170009699995,0],[119.481001269,-5.14169017299997,0],[119.481007341,-5.14168979599998,0],[119.481198098,-5.14167793999997,0],[119.481202212,-5.14167768399994,0],[119.481392833,-5.14166583699995,0],[119.481398907,-5.14166545899997,0],[119.481592517,-5.14165342599995,0],[119.481595293,-5.14165325299996,0],[119.481787823,-5.14164128699997,0],[119.481793696,-5.14164092199997,0],[119.481987127,-5.14162889999994,0],[119.481990155,-5.14162871199994,0],[119.482181672,-5.14161680999996,0],[119.482189055,-5.14161635099993,0],[119.482376787,-5.14160468299997,0],[119.482383808,-5.14160424699998,0],[119.482517321,-5.14159594899996,0],[119.482549465,-5.14159395099995,0],[119.482549836,-5.14159392799996,0],[119.482550119,-5.14159390999993,0],[119.482577379,-5.14159221599994,0],[119.482578195,-5.14159216299993,0],[119.48372011,-5.14151787999998,0],[119.484681581,-5.14143027599994,0],[119.485726577,-5.14131439799996,0],[119.486478797,-5.14118567999998,0],[119.487927854,-5.14102628599994,0],[119.488861331,-5.14091083099993,0],[119.489683138,-5.14075389099997,0],[119.490240369,-5.14066785899996,0],[119.490630286,-5.14056849699995,0],[119.49093656,-5.14046947199995,0],[119.491214736,-5.14031464599998,0],[119.491437059,-5.14013209299998,0],[119.49174279,-5.13989330399994,0],[119.491964995,-5.13968279699998,0],[119.493020718,-5.13874228499998,0],[119.494076212,-5.13774587399996,0],[119.495409612,-5.13652475499993,0],[119.496207233,-5.13576351999995,0],[119.496257813,-5.13571524799994,0],[119.496761073,-5.13637382699994,0],[119.496851838,-5.13662385299995,0],[119.497002451,-5.13687917699997,0],[119.497325054,-5.13722648499993,0],[119.497440514,-5.13739005599996,0],[119.496688542,-5.13806057099993,0],[119.497170142,-5.13862833699994,0],[119.496754637,-5.13907501699993,0],[119.497093465,-5.13945642599998,0],[119.497129467,-5.13958090199998,0],[119.497130368,-5.13981231799994,0],[119.497764002,-5.14019186599995,0],[119.498133578,-5.13982619199993,0],[119.498374618,-5.14017238199995,0],[119.498534134,-5.14010055499995,0],[119.498711339,-5.14001084399996,0],[119.498622038,-5.13987768399994,0],[119.4988609,-5.13966312399998,0],[119.499021354,-5.13983161499993,0],[119.499316923,-5.13971845699996,0],[119.49932901,-5.13973427999997,0],[119.499615405,-5.13964236099997,0],[119.499747763,-5.13943712099996,0],[119.499853494,-5.13923198499998,0],[119.500207789,-5.13902587499996,0],[119.500243166,-5.13899013499997,0],[119.500321426,-5.13857148399995,0],[119.500436313,-5.13843752299994,0],[119.500539231,-5.13751142399997,0],[119.500518697,-5.13679943299996,0],[119.500686986,-5.13670086399998,0],[119.500703937,-5.13649607699995,0],[119.500712017,-5.13629132399996,0],[119.500737821,-5.13607759899998,0],[119.500719924,-5.13604206899993,0],[119.5007373,-5.13594409099994,0],[119.501323927,-5.13612870699995,0],[119.50171502,-5.13625178999996,0],[119.501776876,-5.13618033699993,0],[119.501794425,-5.13612686199997,0],[119.501945513,-5.13617077299995,0],[119.502292837,-5.13645424499992,0],[119.502382242,-5.13661410199995,0],[119.502507387,-5.13683613699993,0],[119.502836685,-5.13704846799993,0],[119.502916612,-5.13705705699994,0],[119.502933918,-5.13694127499997,0],[119.503263137,-5.13713580099994,0],[119.503627629,-5.13726788899993,0],[119.504027349,-5.13732861899996,0],[119.50403957,-5.13733224299995,0],[119.504205108,-5.13738132599997,0],[119.504267007,-5.13747363399995,0],[119.504284922,-5.13750034999993,0],[119.504312263,-5.13754112299995,0]]]]}}]}